start,end,minutes,hours
2013-10-09 18:37:00+00:00,2013-10-09 18:58:00+00:00,22,0.4
2013-10-09 19:03:00+00:00,2013-10-09 19:08:00+00:00,6,0.1
2013-10-09 19:12:00+00:00,2013-10-09 20:22:00+00:00,71,1.2
2013-10-10 08:54:00+00:00,2013-10-10 09:04:00+00:00,11,0.2
2013-10-10 16:34:00+00:00,2013-10-10 16:44:00+00:00,11,0.2
2013-10-10 18:33:00+00:00,2013-10-10 18:44:00+00:00,12,0.2
2013-10-12 04:31:00+00:00,2013-10-12 04:42:00+00:00,12,0.2
2013-10-12 09:17:00+00:00,2013-10-12 09:28:00+00:00,12,0.2
2013-10-12 15:03:00+00:00,2013-10-12 15:13:00+00:00,11,0.2
2013-10-14 10:01:00+00:00,2013-10-14 10:10:00+00:00,10,0.2
2013-10-15 12:10:00+00:00,2013-10-15 12:21:00+00:00,12,0.2
2013-10-16 13:02:00+00:00,2013-10-16 13:13:00+00:00,12,0.2
2013-10-17 19:35:00+00:00,2013-10-17 19:47:00+00:00,13,0.2
2013-10-18 16:58:00+00:00,2013-10-18 17:09:00+00:00,12,0.2
2013-10-19 13:31:00+00:00,2013-10-19 13:41:00+00:00,11,0.2
2013-10-21 10:01:00+00:00,2013-10-21 10:16:00+00:00,16,0.3
2013-10-21 14:00:00+00:00,2013-10-21 14:12:00+00:00,13,0.2
2013-10-21 14:50:00+00:00,2013-10-21 15:00:00+00:00,11,0.2
2013-10-22 21:14:00+00:00,2013-10-22 21:25:00+00:00,12,0.2
2013-10-23 02:30:00+00:00,2013-10-23 02:40:00+00:00,11,0.2
2013-10-23 07:46:00+00:00,2013-10-23 07:57:00+00:00,12,0.2
2013-10-23 07:59:00+00:00,2013-10-23 08:10:00+00:00,12,0.2
2013-10-23 11:51:00+00:00,2013-10-23 12:02:00+00:00,12,0.2
2013-10-24 11:50:00+00:00,2013-10-24 11:59:00+00:00,10,0.2
2013-10-24 14:40:00+00:00,2013-10-24 14:50:00+00:00,11,0.2
2013-10-24 17:17:00+00:00,2013-10-24 17:28:00+00:00,12,0.2
2013-10-24 17:39:00+00:00,2013-10-24 17:49:00+00:00,11,0.2
2013-10-25 14:10:00+00:00,2013-10-25 14:20:00+00:00,11,0.2
2013-10-25 14:31:00+00:00,2013-10-25 14:42:00+00:00,12,0.2
2013-10-25 18:46:00+00:00,2013-10-25 18:57:00+00:00,12,0.2
2013-10-27 20:44:00+00:00,2013-10-27 20:55:00+00:00,12,0.2
2013-10-28 10:01:00+00:00,2013-10-28 10:16:00+00:00,16,0.3
2013-10-28 14:54:00+00:00,2013-10-28 15:04:00+00:00,11,0.2
2013-10-28 20:31:00+00:00,2013-10-28 20:42:00+00:00,12,0.2
2013-10-29 17:52:00+00:00,2013-10-29 18:03:00+00:00,12,0.2
2013-10-30 12:28:00+00:00,2013-10-30 12:38:00+00:00,11,0.2
2013-10-30 13:32:00+00:00,2013-10-30 13:43:00+00:00,12,0.2
2013-10-30 14:17:00+00:00,2013-10-30 14:27:00+00:00,11,0.2
2013-10-30 18:11:00+00:00,2013-10-30 18:22:00+00:00,12,0.2
2013-10-30 18:34:00+00:00,2013-10-30 18:45:00+00:00,12,0.2
2013-10-31 15:04:00+00:00,2013-10-31 15:15:00+00:00,12,0.2
2013-10-31 19:57:00+00:00,2013-10-31 20:09:00+00:00,13,0.2
2013-10-31 20:34:00+00:00,2013-10-31 20:45:00+00:00,12,0.2
2013-11-01 20:10:00+00:00,2013-11-01 20:22:00+00:00,13,0.2
2013-11-02 00:20:00+00:00,2013-11-02 00:25:00+00:00,6,0.1
2013-11-04 09:22:00+00:00,2013-11-04 09:25:00+00:00,4,0.1
2013-11-04 11:14:00+00:00,2013-11-04 11:17:00+00:00,4,0.1
2013-11-05 07:25:00+00:00,2013-11-05 07:31:00+00:00,7,0.1
2013-11-05 09:51:00+00:00,2013-11-05 10:02:00+00:00,12,0.2
2013-11-05 13:23:00+00:00,2013-11-05 13:27:00+00:00,5,0.1
2013-11-05 13:36:00+00:00,2013-11-05 13:46:00+00:00,11,0.2
2013-11-05 17:16:00+00:00,2013-11-05 17:26:00+00:00,11,0.2
2013-11-06 20:36:00+00:00,2013-11-06 20:47:00+00:00,12,0.2
2013-11-07 10:04:00+00:00,2013-11-08 11:41:00+00:00,1538,25.6
2013-11-08 18:55:00+00:00,2013-11-08 19:06:00+00:00,12,0.2
2013-11-09 21:17:00+00:00,2013-11-09 21:31:00+00:00,15,0.2
2013-11-10 17:20:00+00:00,2013-11-10 17:30:00+00:00,11,0.2
2013-11-10 21:42:00+00:00,2013-11-10 21:53:00+00:00,12,0.2
2013-11-11 11:01:00+00:00,2013-11-11 11:17:00+00:00,17,0.3
2013-11-11 14:30:00+00:00,2013-11-11 14:42:00+00:00,13,0.2
2013-11-11 16:26:00+00:00,2013-11-11 16:37:00+00:00,12,0.2
2013-11-12 08:16:00+00:00,2013-11-12 08:27:00+00:00,12,0.2
2013-11-12 09:04:00+00:00,2013-11-12 09:15:00+00:00,12,0.2
2013-11-12 10:06:00+00:00,2013-11-12 10:17:00+00:00,12,0.2
2013-11-12 11:40:00+00:00,2013-11-12 11:50:00+00:00,11,0.2
2013-11-12 13:18:00+00:00,2013-11-12 13:29:00+00:00,12,0.2
2013-11-12 16:28:00+00:00,2013-11-12 16:38:00+00:00,11,0.2
2013-11-13 16:01:00+00:00,2013-11-13 16:13:00+00:00,13,0.2
2013-11-13 17:13:00+00:00,2013-11-13 17:23:00+00:00,11,0.2
2013-11-14 07:59:00+00:00,2013-11-14 08:10:00+00:00,12,0.2
2013-11-14 08:32:00+00:00,2013-11-14 08:43:00+00:00,12,0.2
2013-11-14 17:46:00+00:00,2013-11-14 18:04:00+00:00,19,0.3
2013-11-14 18:31:00+00:00,2013-11-14 18:41:00+00:00,11,0.2
2013-11-14 19:59:00+00:00,2013-11-14 20:10:00+00:00,12,0.2
2013-11-15 12:56:00+00:00,2013-11-15 13:07:00+00:00,12,0.2
2013-11-16 19:39:00+00:00,2013-11-16 19:42:00+00:00,4,0.1
2013-11-16 20:17:00+00:00,2013-11-16 20:27:00+00:00,11,0.2
2013-11-17 13:47:00+00:00,2013-11-17 13:58:00+00:00,12,0.2
2013-11-17 18:07:00+00:00,2013-11-17 18:18:00+00:00,12,0.2
2013-11-17 21:57:00+00:00,2013-11-17 22:11:00+00:00,15,0.2
2013-11-18 08:36:00+00:00,2013-11-18 08:46:00+00:00,11,0.2
2013-11-18 11:56:00+00:00,2013-11-18 12:06:00+00:00,11,0.2
2013-11-18 17:39:00+00:00,2013-11-18 17:50:00+00:00,12,0.2
2013-11-18 18:42:00+00:00,2013-11-18 18:53:00+00:00,12,0.2
2013-11-19 09:01:00+00:00,2013-11-19 09:12:00+00:00,12,0.2
2013-11-19 22:18:00+00:00,2013-11-19 22:44:00+00:00,27,0.4
2013-11-20 22:22:00+00:00,2013-11-20 22:32:00+00:00,11,0.2
2013-11-21 02:08:00+00:00,2013-11-21 02:18:00+00:00,11,0.2
2013-11-21 13:37:00+00:00,2013-11-21 13:48:00+00:00,12,0.2
2013-11-21 19:18:00+00:00,2013-11-21 19:30:00+00:00,13,0.2
2013-11-22 08:38:00+00:00,2013-11-22 08:48:00+00:00,11,0.2
2013-11-22 11:23:00+00:00,2013-11-22 11:35:00+00:00,13,0.2
2013-11-22 12:11:00+00:00,2013-11-22 12:22:00+00:00,12,0.2
2013-11-22 16:36:00+00:00,2013-11-22 16:46:00+00:00,11,0.2
2013-11-23 10:27:00+00:00,2013-11-23 10:38:00+00:00,12,0.2
2013-11-23 16:13:00+00:00,2013-11-23 16:24:00+00:00,12,0.2
2013-11-24 20:08:00+00:00,2013-11-24 20:11:00+00:00,4,0.1
2013-11-24 22:07:00+00:00,2013-11-24 22:18:00+00:00,12,0.2
2013-11-25 11:01:00+00:00,2013-11-25 11:09:00+00:00,9,0.2
2013-11-26 08:39:00+00:00,2013-11-26 08:50:00+00:00,12,0.2
2013-11-26 14:56:00+00:00,2013-11-26 15:07:00+00:00,12,0.2
2013-11-26 16:11:00+00:00,2013-11-26 16:23:00+00:00,13,0.2
2013-11-27 07:42:00+00:00,2013-11-27 07:53:00+00:00,12,0.2
2013-11-27 11:42:00+00:00,2013-11-27 11:52:00+00:00,11,0.2
2013-11-27 17:16:00+00:00,2013-11-27 17:27:00+00:00,12,0.2
2013-11-27 19:21:00+00:00,2013-11-27 19:31:00+00:00,11,0.2
2013-11-27 20:16:00+00:00,2013-11-27 20:27:00+00:00,12,0.2
2013-11-28 08:21:00+00:00,2013-11-28 08:32:00+00:00,12,0.2
2013-11-28 21:01:00+00:00,2013-11-28 21:11:00+00:00,11,0.2
2013-11-29 08:53:00+00:00,2013-11-29 09:04:00+00:00,12,0.2
2013-11-29 20:44:00+00:00,2013-11-29 20:56:00+00:00,13,0.2
2013-11-30 14:22:00+00:00,2013-11-30 14:32:00+00:00,11,0.2
2013-11-30 17:43:00+00:00,2013-11-30 17:48:00+00:00,6,0.1
2013-11-30 18:16:00+00:00,2013-11-30 18:22:00+00:00,7,0.1
2013-11-30 19:39:00+00:00,2013-11-30 19:44:00+00:00,6,0.1
2013-11-30 19:49:00+00:00,2013-11-30 19:54:00+00:00,6,0.1
2013-11-30 20:05:00+00:00,2013-11-30 20:12:00+00:00,8,0.1
2013-11-30 20:31:00+00:00,2013-11-30 20:56:00+00:00,26,0.4
2013-12-01 22:42:00+00:00,2013-12-01 22:53:00+00:00,12,0.2
2013-12-02 08:25:00+00:00,2013-12-02 08:36:00+00:00,12,0.2
2013-12-02 11:12:00+00:00,2013-12-02 11:22:00+00:00,11,0.2
2013-12-02 14:22:00+00:00,2013-12-02 14:34:00+00:00,13,0.2
2013-12-02 14:42:00+00:00,2013-12-02 14:53:00+00:00,12,0.2
2013-12-02 15:37:00+00:00,2013-12-02 15:48:00+00:00,12,0.2
2013-12-02 16:21:00+00:00,2013-12-02 16:32:00+00:00,12,0.2
2013-12-02 16:55:00+00:00,2013-12-02 17:07:00+00:00,13,0.2
2013-12-03 17:30:00+00:00,2013-12-03 17:40:00+00:00,11,0.2
2013-12-03 18:38:00+00:00,2013-12-03 18:48:00+00:00,11,0.2
2013-12-04 13:29:00+00:00,2013-12-04 13:40:00+00:00,12,0.2
2013-12-04 19:27:00+00:00,2013-12-04 19:38:00+00:00,12,0.2
2013-12-04 19:53:00+00:00,2013-12-04 20:04:00+00:00,12,0.2
2013-12-05 09:02:00+00:00,2013-12-05 09:12:00+00:00,11,0.2
2013-12-05 12:34:00+00:00,2013-12-05 12:44:00+00:00,11,0.2
2013-12-05 16:31:00+00:00,2013-12-05 16:42:00+00:00,12,0.2
2013-12-05 20:00:00+00:00,2013-12-05 20:10:00+00:00,11,0.2
2013-12-06 11:00:00+00:00,2013-12-06 11:11:00+00:00,12,0.2
2013-12-06 12:48:00+00:00,2013-12-06 12:58:00+00:00,11,0.2
2013-12-06 14:11:00+00:00,2013-12-06 14:21:00+00:00,11,0.2
2013-12-06 17:05:00+00:00,2013-12-06 17:16:00+00:00,12,0.2
2013-12-06 18:02:00+00:00,2013-12-06 18:13:00+00:00,12,0.2
2013-12-06 18:22:00+00:00,2013-12-06 18:33:00+00:00,12,0.2
2013-12-06 19:08:00+00:00,2013-12-06 19:19:00+00:00,12,0.2
2013-12-06 19:52:00+00:00,2013-12-06 20:03:00+00:00,12,0.2
2013-12-08 11:44:00+00:00,2013-12-08 11:56:00+00:00,13,0.2
2013-12-08 12:18:00+00:00,2013-12-08 12:29:00+00:00,12,0.2
2013-12-08 17:31:00+00:00,2013-12-08 17:44:00+00:00,14,0.2
2013-12-09 10:18:00+00:00,2013-12-09 10:29:00+00:00,12,0.2
2013-12-09 12:48:00+00:00,2013-12-09 12:58:00+00:00,11,0.2
2013-12-09 15:33:00+00:00,2013-12-09 15:44:00+00:00,12,0.2
2013-12-09 17:11:00+00:00,2013-12-09 17:22:00+00:00,12,0.2
2013-12-09 17:38:00+00:00,2013-12-09 17:49:00+00:00,12,0.2
2013-12-10 11:16:00+00:00,2013-12-10 11:26:00+00:00,11,0.2
2013-12-10 15:24:00+00:00,2013-12-10 15:36:00+00:00,13,0.2
2013-12-10 17:20:00+00:00,2013-12-10 17:30:00+00:00,11,0.2
2013-12-11 08:01:00+00:00,2013-12-11 08:06:00+00:00,6,0.1
2013-12-11 08:57:00+00:00,2013-12-11 09:08:00+00:00,12,0.2
2013-12-11 10:21:00+00:00,2013-12-11 10:30:00+00:00,10,0.2
2013-12-11 15:50:00+00:00,2013-12-11 16:00:00+00:00,11,0.2
2013-12-11 21:16:00+00:00,2013-12-11 21:26:00+00:00,11,0.2
2013-12-12 12:17:00+00:00,2013-12-12 12:27:00+00:00,11,0.2
2013-12-13 05:58:00+00:00,2013-12-13 06:01:00+00:00,4,0.1
2013-12-14 08:27:00+00:00,2013-12-14 08:30:00+00:00,4,0.1
2013-12-14 09:58:00+00:00,2013-12-14 10:10:00+00:00,13,0.2
2013-12-14 16:21:00+00:00,2013-12-14 16:33:00+00:00,13,0.2
2013-12-14 17:06:00+00:00,2013-12-14 17:09:00+00:00,4,0.1
2013-12-14 17:30:00+00:00,2013-12-14 17:41:00+00:00,12,0.2
2013-12-16 10:02:00+00:00,2013-12-16 11:05:00+00:00,64,1.1
2013-12-16 12:00:00+00:00,2013-12-16 12:11:00+00:00,12,0.2
2013-12-16 13:38:00+00:00,2013-12-16 13:49:00+00:00,12,0.2
2013-12-16 16:35:00+00:00,2013-12-16 16:45:00+00:00,11,0.2
2013-12-16 21:29:00+00:00,2013-12-16 21:39:00+00:00,11,0.2
2013-12-17 18:51:00+00:00,2013-12-17 18:56:00+00:00,6,0.1
2013-12-17 19:12:00+00:00,2013-12-17 19:38:00+00:00,27,0.4
2013-12-17 19:46:00+00:00,2013-12-17 19:56:00+00:00,11,0.2
2013-12-18 07:48:00+00:00,2013-12-18 07:58:00+00:00,11,0.2
2013-12-18 13:29:00+00:00,2013-12-18 13:50:00+00:00,22,0.4
2013-12-18 15:02:00+00:00,2013-12-18 15:13:00+00:00,12,0.2
2013-12-18 17:05:00+00:00,2013-12-18 17:10:00+00:00,6,0.1
2013-12-18 18:04:00+00:00,2013-12-18 18:15:00+00:00,12,0.2
2013-12-18 18:19:00+00:00,2013-12-18 19:39:00+00:00,81,1.4
2013-12-19 06:19:00+00:00,2013-12-19 06:22:00+00:00,4,0.1
2013-12-19 08:51:00+00:00,2013-12-19 09:02:00+00:00,12,0.2
2013-12-19 09:42:00+00:00,2013-12-19 09:53:00+00:00,12,0.2
2013-12-19 17:27:00+00:00,2013-12-19 17:38:00+00:00,12,0.2
2013-12-19 17:44:00+00:00,2013-12-19 17:54:00+00:00,11,0.2
2013-12-20 12:17:00+00:00,2013-12-20 12:31:00+00:00,15,0.2
2013-12-20 14:36:00+00:00,2013-12-20 14:47:00+00:00,12,0.2
2013-12-20 16:05:00+00:00,2013-12-20 16:16:00+00:00,12,0.2
2013-12-20 17:19:00+00:00,2013-12-20 17:32:00+00:00,14,0.2
2013-12-20 19:08:00+00:00,2013-12-20 19:19:00+00:00,12,0.2
2013-12-21 10:48:00+00:00,2013-12-21 10:58:00+00:00,11,0.2
2013-12-21 11:51:00+00:00,2013-12-21 12:02:00+00:00,12,0.2
2013-12-21 17:18:00+00:00,2013-12-21 17:31:00+00:00,14,0.2
2013-12-22 10:47:00+00:00,2013-12-22 10:58:00+00:00,12,0.2
2013-12-22 18:49:00+00:00,2013-12-22 19:00:00+00:00,12,0.2
2013-12-23 08:55:00+00:00,2013-12-23 09:08:00+00:00,14,0.2
2013-12-23 13:29:00+00:00,2013-12-23 13:42:00+00:00,14,0.2
2013-12-23 18:25:00+00:00,2013-12-23 18:36:00+00:00,12,0.2
2013-12-23 22:58:00+00:00,2013-12-23 23:12:00+00:00,15,0.2
2013-12-24 09:40:00+00:00,2013-12-24 09:51:00+00:00,12,0.2
2013-12-24 15:13:00+00:00,2013-12-24 15:24:00+00:00,12,0.2
2013-12-25 15:02:00+00:00,2013-12-25 15:12:00+00:00,11,0.2
2013-12-27 15:14:00+00:00,2013-12-27 15:25:00+00:00,12,0.2
2013-12-27 15:56:00+00:00,2013-12-27 16:06:00+00:00,11,0.2
2013-12-28 13:00:00+00:00,2013-12-28 13:11:00+00:00,12,0.2
2013-12-28 14:34:00+00:00,2013-12-28 14:44:00+00:00,11,0.2
2013-12-28 15:45:00+00:00,2013-12-28 16:12:00+00:00,28,0.5
2013-12-28 16:14:00+00:00,2013-12-28 16:28:00+00:00,15,0.2
2013-12-29 11:59:00+00:00,2013-12-29 12:10:00+00:00,12,0.2
2013-12-29 13:31:00+00:00,2013-12-29 13:42:00+00:00,12,0.2
2013-12-29 16:15:00+00:00,2013-12-29 16:27:00+00:00,13,0.2
2013-12-29 21:28:00+00:00,2013-12-29 21:39:00+00:00,12,0.2
2013-12-30 11:01:00+00:00,2013-12-30 11:20:00+00:00,20,0.3
2013-12-30 19:15:00+00:00,2013-12-30 19:26:00+00:00,12,0.2
2013-12-30 21:21:00+00:00,2013-12-30 21:24:00+00:00,4,0.1
2013-12-31 15:57:00+00:00,2013-12-31 16:01:00+00:00,5,0.1
2013-12-31 19:48:00+00:00,2013-12-31 19:59:00+00:00,12,0.2
2014-01-01 00:18:00+00:00,2014-01-01 00:28:00+00:00,11,0.2
2014-01-01 01:09:00+00:00,2014-01-01 01:19:00+00:00,11,0.2
2014-01-01 16:03:00+00:00,2014-01-01 16:14:00+00:00,12,0.2
2014-01-01 23:10:00+00:00,2014-01-01 23:23:00+00:00,14,0.2
2014-01-01 23:42:00+00:00,2014-01-01 23:53:00+00:00,12,0.2
2014-01-03 11:12:00+00:00,2014-01-03 11:22:00+00:00,11,0.2
2014-01-03 11:42:00+00:00,2014-01-03 11:53:00+00:00,12,0.2
2014-01-03 19:27:00+00:00,2014-01-03 19:37:00+00:00,11,0.2
2014-01-05 13:12:00+00:00,2014-01-05 13:24:00+00:00,13,0.2
2014-01-05 14:57:00+00:00,2014-01-05 15:09:00+00:00,13,0.2
2014-01-05 19:30:00+00:00,2014-01-05 19:41:00+00:00,12,0.2
2014-01-06 03:13:00+00:00,2014-01-06 03:16:00+00:00,4,0.1
2014-01-06 11:01:00+00:00,2014-01-06 11:04:00+00:00,4,0.1
2014-01-06 17:24:00+00:00,2014-01-06 17:35:00+00:00,12,0.2
2014-01-07 13:05:00+00:00,2014-01-07 13:16:00+00:00,12,0.2
2014-01-07 21:50:00+00:00,2014-01-07 22:01:00+00:00,12,0.2
2014-01-08 12:51:00+00:00,2014-01-08 13:01:00+00:00,11,0.2
2014-01-08 14:27:00+00:00,2014-01-08 14:37:00+00:00,11,0.2
2014-01-08 22:20:00+00:00,2014-01-08 22:35:00+00:00,16,0.3
2014-01-08 23:06:00+00:00,2014-01-08 23:17:00+00:00,12,0.2
2014-01-09 14:52:00+00:00,2014-01-09 15:02:00+00:00,11,0.2
2014-01-09 21:16:00+00:00,2014-01-09 21:19:00+00:00,4,0.1
2014-01-09 21:21:00+00:00,2014-01-09 21:26:00+00:00,6,0.1
2014-01-09 22:15:00+00:00,2014-01-09 22:26:00+00:00,12,0.2
2014-01-11 13:04:00+00:00,2014-01-11 13:16:00+00:00,13,0.2
2014-01-11 18:23:00+00:00,2014-01-11 18:33:00+00:00,11,0.2
2014-01-11 19:06:00+00:00,2014-01-11 19:16:00+00:00,11,0.2
2014-01-12 15:10:00+00:00,2014-01-12 15:13:00+00:00,4,0.1
2014-01-13 11:01:00+00:00,2014-01-13 11:11:00+00:00,11,0.2
2014-01-13 11:17:00+00:00,2014-01-13 11:24:00+00:00,8,0.1
2014-01-13 19:19:00+00:00,2014-01-13 19:30:00+00:00,12,0.2
2014-01-13 20:12:00+00:00,2014-01-13 20:22:00+00:00,11,0.2
2014-01-13 21:54:00+00:00,2014-01-13 22:05:00+00:00,12,0.2
2014-01-14 07:47:00+00:00,2014-01-14 08:04:00+00:00,18,0.3
2014-01-15 11:31:00+00:00,2014-01-15 11:42:00+00:00,12,0.2
2014-01-15 15:12:00+00:00,2014-01-15 15:23:00+00:00,12,0.2
2014-01-15 16:56:00+00:00,2014-01-15 17:48:00+00:00,53,0.9
2014-01-15 21:11:00+00:00,2014-01-15 21:22:00+00:00,12,0.2
2014-01-16 12:21:00+00:00,2014-01-16 12:33:00+00:00,13,0.2
2014-01-16 18:19:00+00:00,2014-01-16 18:44:00+00:00,26,0.4
2014-01-17 14:10:00+00:00,2014-01-17 14:21:00+00:00,12,0.2
2014-01-17 17:23:00+00:00,2014-01-17 17:33:00+00:00,11,0.2
2014-01-17 17:56:00+00:00,2014-01-17 18:07:00+00:00,12,0.2
2014-01-18 10:27:00+00:00,2014-01-18 10:38:00+00:00,12,0.2
2014-01-18 11:40:00+00:00,2014-01-18 11:50:00+00:00,11,0.2
2014-01-18 11:56:00+00:00,2014-01-18 12:07:00+00:00,12,0.2
2014-01-19 08:17:00+00:00,2014-01-19 08:29:00+00:00,13,0.2
2014-01-19 16:30:00+00:00,2014-01-19 17:06:00+00:00,37,0.6
2014-01-19 17:29:00+00:00,2014-01-19 18:07:00+00:00,39,0.6
2014-01-19 18:09:00+00:00,2014-01-19 18:26:00+00:00,18,0.3
2014-01-19 18:29:00+00:00,2014-01-19 18:50:00+00:00,22,0.4
2014-01-19 19:02:00+00:00,2014-01-19 19:11:00+00:00,10,0.2
2014-01-20 11:21:00+00:00,2014-01-20 11:25:00+00:00,5,0.1
2014-01-20 17:42:00+00:00,2014-01-20 17:53:00+00:00,12,0.2
2014-01-20 23:25:00+00:00,2014-01-20 23:36:00+00:00,12,0.2
2014-01-21 13:21:00+00:00,2014-01-21 13:32:00+00:00,12,0.2
2014-01-21 15:49:00+00:00,2014-01-21 15:59:00+00:00,11,0.2
2014-01-21 18:03:00+00:00,2014-01-21 18:15:00+00:00,13,0.2
2014-01-21 18:34:00+00:00,2014-01-21 18:44:00+00:00,11,0.2
2014-01-22 14:13:00+00:00,2014-01-22 14:24:00+00:00,12,0.2
2014-01-22 20:12:00+00:00,2014-01-22 20:17:00+00:00,6,0.1
2014-01-22 20:37:00+00:00,2014-01-22 20:48:00+00:00,12,0.2
2014-01-23 10:50:00+00:00,2014-01-23 11:01:00+00:00,12,0.2
2014-01-23 11:06:00+00:00,2014-01-23 11:16:00+00:00,11,0.2
2014-01-23 13:48:00+00:00,2014-01-23 13:59:00+00:00,12,0.2
2014-01-23 14:33:00+00:00,2014-01-23 14:43:00+00:00,11,0.2
2014-01-23 19:55:00+00:00,2014-01-23 20:06:00+00:00,12,0.2
2014-01-23 20:08:00+00:00,2014-01-23 20:21:00+00:00,14,0.2
2014-01-23 20:26:00+00:00,2014-01-23 20:44:00+00:00,19,0.3
2014-01-24 01:57:00+00:00,2014-03-06 16:22:00+00:00,59906,998.4
2014-03-08 21:51:00+00:00,2014-03-08 21:59:00+00:00,9,0.2
2014-03-09 05:29:00+00:00,2014-03-09 05:41:00+00:00,13,0.2
2014-03-10 10:01:00+00:00,2014-03-10 10:20:00+00:00,20,0.3
2014-03-12 03:53:00+00:00,2014-03-12 03:56:00+00:00,4,0.1
2014-03-17 10:14:00+00:00,2014-03-17 10:20:00+00:00,7,0.1
2014-03-21 02:25:00+00:00,2014-03-21 02:28:00+00:00,4,0.1
2014-03-23 05:45:00+00:00,2014-03-23 05:55:00+00:00,11,0.2
2014-03-24 10:02:00+00:00,2014-03-24 10:06:00+00:00,5,0.1
2014-03-24 13:41:00+00:00,2014-03-24 13:52:00+00:00,12,0.2
2014-03-28 08:54:00+00:00,2014-03-28 09:06:00+00:00,13,0.2
2014-03-31 10:17:00+00:00,2014-03-31 10:20:00+00:00,4,0.1
2014-04-02 21:27:00+00:00,2014-04-02 21:32:00+00:00,6,0.1
2014-04-07 10:13:00+00:00,2014-04-07 10:16:00+00:00,4,0.1
2014-04-07 10:18:00+00:00,2014-04-07 10:24:00+00:00,7,0.1
2014-04-07 13:58:00+00:00,2014-04-07 14:09:00+00:00,12,0.2
2014-04-09 23:10:00+00:00,2014-04-09 23:21:00+00:00,12,0.2
2014-04-10 00:13:00+00:00,2014-04-10 00:24:00+00:00,12,0.2
2014-04-11 14:08:00+00:00,2014-04-11 14:20:00+00:00,13,0.2
2014-04-11 15:09:00+00:00,2014-04-11 15:21:00+00:00,13,0.2
2014-04-11 18:10:00+00:00,2014-04-11 18:20:00+00:00,11,0.2
2014-04-11 19:15:00+00:00,2014-04-11 19:25:00+00:00,11,0.2
2014-04-14 10:00:00+00:00,2014-04-14 10:03:00+00:00,4,0.1
2014-04-14 10:18:00+00:00,2014-04-14 10:22:00+00:00,5,0.1
2014-04-21 10:22:00+00:00,2014-04-21 10:26:00+00:00,5,0.1
2014-04-24 08:29:00+00:00,2014-04-24 08:41:00+00:00,13,0.2
2014-04-24 12:06:00+00:00,2014-04-24 12:23:00+00:00,18,0.3
2014-04-25 20:02:00+00:00,2014-04-25 20:13:00+00:00,12,0.2
2014-04-28 10:17:00+00:00,2014-04-28 10:28:00+00:00,12,0.2
2014-05-04 17:49:00+00:00,2014-05-04 18:00:00+00:00,12,0.2
2014-05-05 10:05:00+00:00,2014-05-05 10:10:00+00:00,6,0.1
2014-05-05 11:11:00+00:00,2014-05-05 11:23:00+00:00,13,0.2
2014-05-05 18:05:00+00:00,2014-05-05 18:15:00+00:00,11,0.2
2014-05-09 20:20:00+00:00,2014-05-09 20:32:00+00:00,13,0.2
2014-05-12 10:01:00+00:00,2014-05-12 10:13:00+00:00,13,0.2
2014-05-12 10:26:00+00:00,2014-05-12 10:29:00+00:00,4,0.1
2014-05-19 10:01:00+00:00,2014-05-19 10:04:00+00:00,4,0.1
2014-05-19 10:33:00+00:00,2014-05-19 10:38:00+00:00,6,0.1
2014-05-21 14:27:00+00:00,2014-05-21 14:32:00+00:00,6,0.1
2014-05-21 15:07:00+00:00,2014-05-21 15:11:00+00:00,5,0.1
2014-05-22 14:11:00+00:00,2014-05-22 14:23:00+00:00,13,0.2
2014-05-23 20:36:00+00:00,2014-05-23 20:46:00+00:00,11,0.2
2014-05-26 09:09:00+00:00,2014-05-26 09:20:00+00:00,12,0.2
2014-05-26 10:09:00+00:00,2014-05-26 10:12:00+00:00,4,0.1
2014-05-29 16:02:00+00:00,2014-05-29 16:14:00+00:00,13,0.2
2014-06-02 10:01:00+00:00,2014-06-02 10:19:00+00:00,19,0.3
2014-06-02 10:29:00+00:00,2014-06-02 10:32:00+00:00,4,0.1
2014-06-06 23:43:00+00:00,2014-06-06 23:55:00+00:00,13,0.2
2014-06-09 10:16:00+00:00,2014-06-09 10:35:00+00:00,20,0.3
2014-06-10 20:03:00+00:00,2014-06-10 20:14:00+00:00,12,0.2
2014-06-21 00:03:00+00:00,2014-06-21 00:15:00+00:00,13,0.2
2014-06-23 10:01:00+00:00,2014-06-23 10:09:00+00:00,9,0.2
2014-06-23 10:14:00+00:00,2014-06-23 10:25:00+00:00,12,0.2
2014-06-30 10:01:00+00:00,2014-06-30 10:04:00+00:00,4,0.1
2014-06-30 10:16:00+00:00,2014-06-30 10:28:00+00:00,13,0.2
2014-07-01 12:08:00+00:00,2014-07-01 12:38:00+00:00,31,0.5
2014-07-01 16:12:00+00:00,2014-07-01 16:19:00+00:00,8,0.1
2014-07-01 16:34:00+00:00,2014-07-01 16:37:00+00:00,4,0.1
2014-07-02 07:40:00+00:00,2014-07-02 07:48:00+00:00,9,0.2
2014-07-05 04:25:00+00:00,2014-07-05 04:36:00+00:00,12,0.2
2014-07-05 08:21:00+00:00,2014-07-05 08:32:00+00:00,12,0.2
2014-07-07 02:47:00+00:00,2014-07-07 08:31:00+00:00,345,5.8
2014-07-07 10:20:00+00:00,2014-07-07 10:25:00+00:00,6,0.1
2014-07-11 00:27:00+00:00,2014-07-11 01:14:00+00:00,48,0.8
2014-07-12 20:13:00+00:00,2014-07-12 20:25:00+00:00,13,0.2
2014-07-13 23:40:00+00:00,2014-07-14 00:52:00+00:00,73,1.2
2014-07-14 10:34:00+00:00,2014-07-14 10:37:00+00:00,4,0.1
2014-07-18 08:50:00+00:00,2014-07-18 09:43:00+00:00,54,0.9
2014-07-18 10:23:00+00:00,2014-07-18 10:26:00+00:00,4,0.1
2014-07-18 12:14:00+00:00,2014-07-18 12:34:00+00:00,21,0.4
2014-07-21 10:02:00+00:00,2014-07-21 12:07:00+00:00,126,2.1
2014-07-28 10:04:00+00:00,2014-07-28 10:21:00+00:00,18,0.3
2014-07-30 13:16:00+00:00,2014-07-30 14:14:00+00:00,59,1.0
2014-08-01 04:40:00+00:00,2014-08-01 04:51:00+00:00,12,0.2
2014-08-01 16:08:00+00:00,2014-08-02 12:58:00+00:00,1251,20.8
2014-08-04 10:01:00+00:00,2014-08-04 10:09:00+00:00,9,0.2
2014-08-04 10:21:00+00:00,2014-08-04 10:29:00+00:00,9,0.2
2014-08-05 01:52:00+00:00,2014-08-05 02:00:00+00:00,9,0.2
2014-08-06 00:35:00+00:00,2014-08-06 00:55:00+00:00,21,0.4
2014-08-06 12:32:00+00:00,2014-08-06 12:43:00+00:00,12,0.2
2014-08-10 18:40:00+00:00,2014-08-10 18:53:00+00:00,14,0.2
2014-08-11 10:01:00+00:00,2014-08-11 10:09:00+00:00,9,0.2
2014-08-11 10:34:00+00:00,2014-08-11 10:38:00+00:00,5,0.1
2014-08-16 11:06:00+00:00,2014-08-16 11:11:00+00:00,6,0.1
2014-08-16 12:17:00+00:00,2014-08-16 12:26:00+00:00,10,0.2
2014-08-16 12:38:00+00:00,2014-08-16 12:41:00+00:00,4,0.1
2014-08-18 10:01:00+00:00,2014-08-18 10:16:00+00:00,16,0.3
2014-08-19 01:13:00+00:00,2014-08-19 01:24:00+00:00,12,0.2
2014-08-25 10:01:00+00:00,2014-08-25 10:13:00+00:00,13,0.2
2014-08-25 10:26:00+00:00,2014-08-25 10:31:00+00:00,6,0.1
2014-08-25 15:37:00+00:00,2014-08-25 15:48:00+00:00,12,0.2
2014-08-26 21:54:00+00:00,2014-08-26 22:06:00+00:00,13,0.2
2014-08-26 22:08:00+00:00,2014-08-26 22:42:00+00:00,35,0.6
2014-08-28 03:21:00+00:00,2014-08-28 03:26:00+00:00,6,0.1
2014-08-30 11:01:00+00:00,2014-09-04 10:32:00+00:00,7172,119.5
2014-09-04 12:58:00+00:00,2014-09-04 13:10:00+00:00,13,0.2
2014-09-06 21:52:00+00:00,2014-09-07 12:23:00+00:00,872,14.5
2014-09-07 12:52:00+00:00,2014-09-07 13:29:00+00:00,38,0.6
2014-09-07 13:39:00+00:00,2014-09-07 17:34:00+00:00,236,3.9
2014-09-08 00:56:00+00:00,2014-09-08 01:07:00+00:00,12,0.2
2014-09-08 07:20:00+00:00,2014-09-08 07:31:00+00:00,12,0.2
2014-09-08 10:02:00+00:00,2014-09-08 10:14:00+00:00,13,0.2
2014-09-12 04:35:00+00:00,2014-09-12 04:47:00+00:00,13,0.2
2014-09-15 10:01:00+00:00,2014-09-15 10:05:00+00:00,5,0.1
2014-09-19 07:53:00+00:00,2014-09-19 08:05:00+00:00,13,0.2
2014-09-24 01:02:00+00:00,2014-09-24 01:14:00+00:00,13,0.2
2014-09-24 06:53:00+00:00,2014-09-24 07:05:00+00:00,13,0.2
2014-09-29 03:10:00+00:00,2014-09-29 03:50:00+00:00,41,0.7
2014-10-12 02:37:00+00:00,2014-10-12 02:40:00+00:00,4,0.1
2014-10-23 10:06:00+00:00,2014-10-23 10:10:00+00:00,5,0.1
2014-10-24 09:24:00+00:00,2014-10-24 09:45:00+00:00,22,0.4
2014-10-26 00:00:00+00:00,2014-10-26 01:59:00+00:00,120,2.0
2014-10-27 00:06:00+00:00,2014-10-28 13:45:00+00:00,2260,37.7
2014-11-07 15:37:00+00:00,2014-11-07 16:06:00+00:00,30,0.5
2014-11-10 00:18:00+00:00,2014-11-10 13:14:00+00:00,777,13.0
2014-12-06 16:29:00+00:00,2014-12-06 16:39:00+00:00,11,0.2
2014-12-18 10:29:00+00:00,2014-12-19 10:36:00+00:00,1448,24.1
2015-01-07 10:06:00+00:00,2015-01-07 10:27:00+00:00,22,0.4
2015-01-29 15:20:00+00:00,2015-01-29 17:15:00+00:00,116,1.9
2015-01-30 11:07:00+00:00,2015-01-30 11:17:00+00:00,11,0.2
2015-03-05 11:08:00+00:00,2015-03-05 11:21:00+00:00,14,0.2
2015-03-06 16:16:00+00:00,2015-03-06 17:30:00+00:00,75,1.2
2015-03-13 05:50:00+00:00,2015-03-13 06:27:00+00:00,38,0.6
2015-03-15 10:03:00+00:00,2015-03-16 16:15:00+00:00,1813,30.2
2015-03-18 19:24:00+00:00,2015-03-18 19:34:00+00:00,11,0.2
2015-03-20 16:46:00+00:00,2015-03-20 16:57:00+00:00,12,0.2
2015-03-22 08:16:00+00:00,2015-03-24 15:22:00+00:00,3307,55.1
2015-03-26 11:09:00+00:00,2015-03-26 11:20:00+00:00,12,0.2
2015-03-31 03:23:00+00:00,2015-04-01 15:25:00+00:00,2163,36.0
2015-04-03 00:44:00+00:00,2015-04-07 09:17:00+00:00,6274,104.6
2015-04-15 22:28:00+00:00,2015-04-15 22:41:00+00:00,14,0.2
2015-04-17 17:47:00+00:00,2015-04-17 17:58:00+00:00,12,0.2
2015-04-19 21:22:00+00:00,2015-04-19 21:32:00+00:00,11,0.2
2015-04-29 11:59:00+00:00,2015-04-29 12:21:00+00:00,23,0.4
2015-05-01 18:13:00+00:00,2015-05-01 18:24:00+00:00,12,0.2
2015-05-08 04:24:00+00:00,2015-05-08 04:35:00+00:00,12,0.2
2015-05-10 22:37:00+00:00,2015-05-19 14:09:00+00:00,12453,207.6
2015-05-20 15:14:00+00:00,2015-05-20 15:24:00+00:00,11,0.2
2015-05-24 09:10:00+00:00,2015-05-26 11:08:00+00:00,2999,50.0
2015-05-27 15:17:00+00:00,2015-05-27 15:28:00+00:00,12,0.2
2015-05-29 19:12:00+00:00,2015-05-29 19:23:00+00:00,12,0.2
2015-06-01 22:34:00+00:00,2015-06-01 22:45:00+00:00,12,0.2
2015-06-05 00:43:00+00:00,2015-06-05 00:55:00+00:00,13,0.2
2015-06-05 11:19:00+00:00,2015-06-05 11:22:00+00:00,4,0.1
2015-06-05 11:32:00+00:00,2015-06-05 11:41:00+00:00,10,0.2
2015-06-10 09:50:00+00:00,2015-06-10 10:00:00+00:00,11,0.2
2015-06-10 12:20:00+00:00,2015-06-18 00:38:00+00:00,10819,180.3
2015-06-19 12:12:00+00:00,2015-06-19 12:23:00+00:00,12,0.2
2015-06-26 07:31:00+00:00,2015-06-26 07:43:00+00:00,13,0.2
2015-07-01 01:10:00+00:00,2015-07-01 01:21:00+00:00,12,0.2
2015-07-01 12:01:00+00:00,2015-07-01 12:13:00+00:00,13,0.2
2015-07-01 12:28:00+00:00,2015-07-01 12:40:00+00:00,13,0.2
2015-07-01 12:56:00+00:00,2015-07-01 13:07:00+00:00,12,0.2
2015-07-01 16:37:00+00:00,2015-07-01 16:48:00+00:00,12,0.2
2015-07-01 17:18:00+00:00,2015-07-01 17:29:00+00:00,12,0.2
2015-07-02 04:04:00+00:00,2015-07-02 04:14:00+00:00,11,0.2
2015-07-02 04:59:00+00:00,2015-07-02 05:10:00+00:00,12,0.2
2015-07-02 05:52:00+00:00,2015-07-02 06:03:00+00:00,12,0.2
2015-07-02 08:21:00+00:00,2015-07-02 08:34:00+00:00,14,0.2
2015-07-08 01:11:00+00:00,2015-07-08 01:48:00+00:00,38,0.6
2015-07-10 02:43:00+00:00,2015-07-10 02:54:00+00:00,12,0.2
