machine,cycles,duration_min_median,duration_min_p90,peak_w_median,energy_kwh_median,energy_kwh_mean,heating_share_median,hot_cycles_pct,cycles_per_week,kwh_per_year_est
H19,239,102.0,105.0,1761.12,0.24,0.26,0.12,7.11,3.95,53.0
H5,578,46.0,104.3,2065.74,0.29,0.4,0.69,61.42,7.65,159.0
H1,414,33.0,40.0,2326.61,0.3,0.31,0.72,73.67,5.23,84.0
H18,121,49.0,68.0,2198.62,0.33,0.35,0.71,76.86,2.08,38.0
H20,204,73.0,91.0,2269.44,0.36,0.4,0.64,75.0,3.32,69.0
H17,248,52.0,68.0,2036.57,0.38,0.35,0.73,75.81,3.97,72.0
H13,376,68.0,73.0,2127.66,0.43,0.42,0.7,84.04,7.96,174.0
H11,70,103.0,115.1,2312.3,0.51,0.68,0.7,84.29,1.42,50.0
H7,900,60.0,110.0,2081.5,0.52,0.53,0.76,99.11,11.94,329.0
H3,650,65.0,74.0,1923.98,0.54,0.55,0.76,97.69,8.48,243.0
H2,332,95.0,124.8,2089.17,0.6,0.58,0.78,92.77,5.11,154.0
H16,322,72.5,87.0,2048.38,0.61,0.62,0.83,99.07,5.11,165.0
H21,237,86.0,91.4,2141.5,0.61,0.62,0.78,94.94,3.82,123.0
H9,246,73.0,85.0,2211.53,0.64,0.69,0.79,98.78,3.67,132.0
H4-2,157,45.0,52.0,2557.78,0.68,0.65,0.92,98.09,2.01,68.0
H6,114,129.5,134.7,2049.0,0.68,0.66,0.71,88.6,1.67,57.0
H10,565,120.0,124.0,2056.67,0.71,0.67,0.68,95.4,7.76,270.0
H15,194,84.0,97.0,2197.72,0.81,0.85,0.81,84.54,2.83,125.0
H8,353,61.0,90.0,2338.89,0.81,0.95,0.88,99.15,5.05,249.0
H4-1,14,32.0,42.0,2550.44,0.96,0.98,0.97,100.0,0.18,9.0
