machine,house,channel,start,end,span_days,coverage_pct,days_ge90pct,missing_intervals,flat_agg_pct,issues_pct,wm_off_pct,wm_exact_zero_pct,cycles,energy_in_cycles_pct,cycles_per_week,pv,washer_dryer_too
H1,1,Appliance5,2013-10-09,2015-07-10,638,87.4,552,445,0.06,1.81,98.1,97.6,417,93.6,5.23,False,True
H2,2,Appliance2,2013-09-17,2015-05-28,617,75.4,452,496,0.57,1.51,95.3,94.4,340,96.6,5.11,False,False
H3,3,Appliance6,2013-09-25,2015-06-02,614,88.6,538,156,11.72,6.85,94.3,93.1,660,97.4,8.48,True,False
H4-1,4,Appliance4,2013-10-11,2015-07-07,633,86.3,530,1017,2.9,2.67,99.7,92.3,14,25.4,0.18,False,False
H4-2,4,Appliance5,2013-10-11,2015-07-07,633,86.3,530,1017,2.9,2.67,98.8,98.1,157,73.1,2.01,False,False
H5,5,Appliance3,2013-09-26,2015-07-06,648,90.7,577,939,0.27,7.59,92.1,52.1,642,82.9,7.65,False,False
H6,6,Appliance2,2013-11-28,2015-06-28,577,84.7,478,159,0.38,1.75,98.1,97.4,117,92.8,1.67,False,False
H7,7,Appliance5,2013-11-01,2015-07-08,613,87.4,527,152,0.32,4.06,91.6,74.9,914,99.4,11.94,False,False
H8,8,Appliance4,2013-11-01,2015-05-10,555,89.7,491,118,0.7,1.54,96.7,84.1,359,97.8,5.05,False,True
H9,9,Appliance3,2013-12-17,2015-07-08,568,84.6,476,114,4.4,2.02,97.3,90.6,252,99.1,3.67,False,True
H10,10,Appliance5,2013-11-20,2015-06-30,586,88.8,507,916,7.8,1.65,91.3,90.2,578,94.9,7.76,False,False
H11,11,Appliance3,2014-06-03,2015-06-30,392,89.0,343,70,0.71,1.73,98.6,92.9,71,89.0,1.42,True,False
H13,13,Appliance3,2014-01-17,2015-05-31,498,76.9,353,847,2.01,3.08,94.8,84.9,436,92.9,7.96,False,False
H15,15,Appliance3,2013-12-17,2015-07-08,567,86.3,478,814,0.64,1.4,97.1,96.1,198,82.9,2.83,False,False
H16,16,Appliance5,2014-01-10,2015-07-08,543,82.7,437,777,1.5,0.8,96.3,93.3,328,97.5,5.11,False,False
H17,17,Appliance4,2014-03-06,2015-06-19,469,93.8,436,129,1.81,4.01,97.6,96.6,250,79.7,3.97,False,False
H18,18,Appliance5,2014-03-07,2015-05-24,443,94.2,412,57,1.95,5.47,98.8,98.5,124,89.4,2.08,False,True
H19,19,Appliance2,2014-03-06,2015-06-20,470,93.5,434,319,0.38,3.85,96.1,86.6,248,96.0,3.95,False,False
H20,20,Appliance4,2014-03-20,2015-06-23,460,94.0,428,49,3.28,1.5,97.6,97.2,205,96.5,3.32,False,False
H21,21,Appliance3,2014-03-07,2015-07-10,489,90.6,436,125,7.78,4.92,96.9,96.5,242,97.8,3.82,True,False
