,,0
0,0,0.7429765
0,1,0.32864743
0,2,0.32687336
0,3,1.8437759
0,4,1.9283614
0,5,1.3254877
0,6,2.1389866
0,7,22.245005
0,8,51.38005
0,9,22.698763
0,10,11.316563
0,11,10.202821
0,12,35.052307
0,13,21.686274
0,14,20.380669
0,15,17.668633
0,16,20.56361
0,17,20.092262
0,18,16.393232
0,19,15.40258
0,20,20.197828
0,21,18.598372
0,22,7.580259
0,23,2.3497036
1,0,0.31440857
1,1,0.24221872
1,2,0.31234404
1,3,0.4149489
1,4,2.9385545
1,5,5.229359
1,6,11.916747
1,7,28.15355
1,8,38.1459
1,9,26.370058
1,10,13.502642
1,11,11.785101
1,12,12.487331
1,13,7.357517
1,14,9.679187
1,15,8.109545
1,16,11.782084
1,17,22.685541
1,18,36.759254
1,19,23.595123
1,20,16.530457
1,21,5.3106966
1,22,1.8637447
1,23,0.9891867
2,0,0.3987115
2,1,0.38522097
2,2,0.37773204
2,3,0.34365833
2,4,0.3624529
2,5,5.0099554
2,6,9.647606
2,7,23.502295
2,8,59.698902
2,9,16.576612
2,10,8.4486
2,11,6.7999816
2,12,15.758199
2,13,20.96384
2,14,22.53058
2,15,16.679707
2,16,14.430146
2,17,31.568382
2,18,36.387512
2,19,29.718761
2,20,13.952975
2,21,7.267173
2,22,4.342132
2,23,1.2963784
3,0,0.9789966
3,1,1.8442729
3,2,1.6114265
3,3,0.89445925
3,4,3.4580996
3,5,4.041471
3,6,4.335641
3,7,23.948187
3,8,29.198475
3,9,20.16549
3,10,17.88717
3,11,13.760753
3,12,14.507157
3,13,20.598307
3,14,15.7895355
3,15,9.642065
3,16,7.6677747
3,17,16.565277
3,18,38.635353
3,19,23.754608
3,20,18.369125
3,21,6.2398376
3,22,3.033171
3,23,1.0550091
4,0,0.8442275
4,1,0.23868825
4,2,0.22842649
4,3,0.23625827
4,4,1.296782
4,5,2.965424
4,6,8.272709
4,7,23.820955
4,8,57.834232
4,9,25.17829
4,10,22.166273
4,11,22.0945
4,12,18.22492
4,13,15.509788
4,14,11.954096
4,15,13.361731
4,16,23.818909
4,17,32.4853
4,18,78.60494
4,19,50.199177
4,20,24.205782
4,21,13.980877
4,22,4.452988
4,23,3.25371
5,0,2.527536
5,1,3.084518
5,2,3.053447
5,3,1.2712525
5,4,3.997103
5,5,8.807325
5,6,11.170967
5,7,39.79726
5,8,53.185017
5,9,62.601147
5,10,50.07655
5,11,39.218212
5,12,29.778433
5,13,29.87333
5,14,25.6626
5,15,31.460348
5,16,32.812424
5,17,25.9277
5,18,44.36963
5,19,32.006176
5,20,25.949612
5,21,12.229945
5,22,6.445895
5,23,2.488589
6,0,2.1435134
6,1,0.9816047
6,2,0.56522816
6,3,0.8147434
6,4,3.7658298
6,5,1.8540343
6,6,1.0313274
6,7,15.2679
6,8,44.149696
6,9,27.996387
6,10,48.184353
6,11,31.181463
6,12,28.625391
6,13,23.184391
6,14,18.595032
6,15,12.394152
6,16,25.902847
6,17,25.525734
6,18,26.248177
6,19,15.555453
6,20,13.202588
6,21,5.609338
6,22,6.3092957
6,23,2.2455082
