model,family,split,house,mae_w,mae_on_w,sae,sae_daily,nde,epd_wh,precision,recall,f1,overlap_pct,missing_pct,extra_pct,true_cycles,pred_cycles,matched,cycle_precision,cycle_recall,cycle_f1,matched_energy_mape_pct,median_start_error_min,auprc
M0a always-off,M0a always-off,test,1,4.669002195953146,364.8307081625418,1.0,1.0,1.0,103.61291687417992,0.0,0.0,0.0,0.0,99.99999999999999,0.0,93,0,0,0.0,0.0,0.0,,,
M0a always-off,M0a always-off,test,6,6.426073303860183,377.7852266608734,1.0,1.0,1.0,155.17897113284943,0.0,0.0,0.0,0.0,100.0,0.0,131,0,0,0.0,0.0,0.0,,,
M0a always-off,M0a always-off,test,8,24.612715174757422,858.1155691341221,1.0,1.0,1.0,573.7485309975064,0.0,0.0,0.0,0.0,100.0,0.0,310,0,0,0.0,0.0,0.0,,,
M0a always-off,M0a always-off,test,10,33.30527506841926,386.7717969511151,1.0,1.0,1.0,772.7074587523681,0.0,0.0,0.0,0.0,99.99999999999999,0.0,562,0,0,0.0,0.0,0.0,,,
M0a always-off,M0a always-off,test,19,3.2150323821184204,118.29922375811017,1.0,1.0,1.0,69.47312886362315,0.0,0.0,0.0,0.0,100.0,0.0,218,0,0,0.0,0.0,0.0,,,
M0a always-off,M0a always-off,test,20,7.330195733253553,318.79140599805015,1.0,1.0,1.0,173.4296578630511,0.0,0.0,0.0,0.0,100.0,0.0,218,0,0,0.0,0.0,0.0,,,
M0a always-off,M0a always-off,seen_test,2,18.57798237731247,443.36496309772315,1.0,1.0,1.0,439.7458497169456,0.0,0.0,0.0,0.0,100.00000000000001,0.0,81,0,0,0.0,0.0,0.0,,,
M0a always-off,M0a always-off,seen_test,5,26.269422610459124,267.0749016408515,1.0,1.0,1.0,527.4910202231998,0.0,0.0,0.0,0.0,100.00000000000001,0.0,137,0,0,0.0,0.0,0.0,,,
M0a always-off,M0a always-off,seen_test,7,39.98334810601815,475.0415116134589,1.0,1.0,1.0,898.34539996634,0.0,0.0,0.0,0.0,100.0,0.0,157,0,0,0.0,0.0,0.0,,,
M0a always-off,M0a always-off,seen_test,9,11.650168340791959,531.6428443115382,1.0,1.0,1.0,255.06766215365622,0.0,0.0,0.0,0.0,100.0,0.0,35,0,0,0.0,0.0,0.0,,,
M0a always-off,M0a always-off,seen_test,15,10.25766784293178,583.8207894257074,1.0,1.0,1.0,240.7291636117285,0.0,0.0,0.0,0.0,100.0,0.0,18,0,0,0.0,0.0,0.0,,,
M0a always-off,M0a always-off,seen_test,16,7.937760607513863,553.7972719404432,1.0,1.0,1.0,188.86284999524264,0.0,0.0,0.0,0.0,100.0,0.0,27,0,0,0.0,0.0,0.0,,,
M0a always-off,M0a always-off,seen_test,17,9.586908625782216,469.4763883127848,1.0,1.0,1.0,187.33716064790215,0.0,0.0,0.0,0.0,100.0,0.0,7,0,0,0.0,0.0,0.0,,,
M0a always-off,M0a always-off,val,18,3.870058285494383,384.8738165704339,1.0,1.0,1.0,97.80560450865107,0.0,0.0,0.0,0.0,100.0,0.0,69,0,0,0.0,0.0,0.0,,,
M0b weekday×hour profile,M0b weekday×hour profile,test,1,20.08851770985475,346.934432441239,2.4118066660105604,1.690045544719441,1.0232237017775148,308.2155994590874,0.014579421499075772,0.41182540501496234,0.02816185835805993,5.463879437789929,94.53612056221009,335.71678716326613,93,1529,5,0.0032701111837802484,0.053763440860215055,0.006165228113440197,76.78331746288809,0.0,
M0b weekday×hour profile,M0b weekday×hour profile,test,6,21.748415318168945,355.6855623361394,1.5048220701709267,0.5410134407256463,1.009946255479738,373.4038389338032,0.025872467193938264,0.5540435121782092,0.04943637734681644,6.02100369187807,93.97899630812192,244.46120332521463,131,1361,10,0.0073475385745775165,0.07633587786259542,0.013404825737265418,79.3037337647515,0.0,
M0b weekday×hour profile,M0b weekday×hour profile,test,8,39.66933510067331,845.9269786349341,0.3472966704819773,0.5800626997536851,0.9995590202390944,535.7174595575,0.028809441166261714,0.36701397712833544,0.0534251744216157,2.04809020453182,97.9519097954682,63.22224274727046,310,1310,26,0.01984732824427481,0.08387096774193549,0.03209876543209877,96.44303329286612,8.0,
M0b weekday×hour profile,M0b weekday×hour profile,test,10,45.622006224477055,365.894991084717,0.5184638266541121,0.6243978247018344,0.9893575121497874,603.2485641330637,0.11002981803886801,0.46370221540739176,0.17785679519766373,5.586147457087529,94.41385254291245,42.56746987750125,562,1273,68,0.05341712490180676,0.12099644128113879,0.07411444141689374,87.68848819983526,16.5,
M0b weekday×hour profile,M0b weekday×hour profile,test,19,18.86006150350604,110.74249365054425,4.012029337077802,2.2130794984632427,1.232452795249377,300.80330790086754,0.011683381286366937,0.15813374805598757,0.021759134428137934,7.290867427222204,92.70913257277779,493.9120662805582,218,1446,17,0.011756569847856155,0.0779816513761468,0.020432692307692308,65.62476836210669,0.0,
M0b weekday×hour profile,M0b weekday×hour profile,test,20,22.077068309965284,292.20823999535344,1.1884832531788205,0.4243740084431844,1.0005335396854018,321.9571306321444,0.04501548687146367,0.7109508586722176,0.08466990424500528,8.834266335898139,91.16573366410185,210.01405898198394,218,1090,16,0.014678899082568808,0.07339449541284404,0.024464831804281346,78.48858972220157,18.0,
M0b weekday×hour profile,M0b weekday×hour profile,seen_test,2,32.39338030779307,421.4658222083386,0.14709019935284817,0.5056588125868496,0.9927238162630017,442.6282689668484,0.06596707349530435,0.5656993805021193,0.11815581585399072,5.463309400751327,94.53669059924866,79.82767066396387,81,289,18,0.06228373702422145,0.2222222222222222,0.09729729729729729,90.3907940707303,26.5,
M0b weekday×hour profile,M0b weekday×hour profile,seen_test,5,37.97510520712627,245.8963741631715,0.382680493751506,0.6437352465974632,0.9841833425913563,552.7153387996165,0.14332974454340805,0.53601756954612,0.2261796277704842,8.585922244173123,91.41407775582688,53.146028380676285,137,365,30,0.0821917808219178,0.21897810218978103,0.1195219123505976,67.50014426333573,2.5,
M0b weekday×hour profile,M0b weekday×hour profile,seen_test,7,50.49842893633946,446.2550739968358,0.6072496042870787,0.5345043023975738,0.9852928519593913,566.7252946674336,0.17399115223103007,0.7283323933070126,0.28088237959723755,6.488194718570684,93.51180528142932,32.78684485272144,157,305,33,0.10819672131147541,0.21019108280254778,0.14285714285714288,84.95320658405825,0.0,
M0b weekday×hour profile,M0b weekday×hour profile,seen_test,9,26.4617060805001,506.43220642447557,0.3784205087557082,0.8166716045542495,0.9967731635972277,404.62065886110935,0.04019570437866104,0.6662946428571429,0.07581754683035241,5.353112483914407,94.6468875160856,132.48893839165643,35,235,5,0.02127659574468085,0.14285714285714285,0.037037037037037035,85.70487572814854,0.0,
M0b weekday×hour profile,M0b weekday×hour profile,seen_test,15,25.88357569541525,571.2047748199241,0.5745415667037995,0.6514348048189964,1.0056884116994858,383.42282817645867,0.014405762304921969,0.3008356545961003,0.0274949083503055,2.560116742400826,97.43988325759918,154.89403992797912,18,216,2,0.009259259259259259,0.1111111111111111,0.017094017094017092,96.54654295707576,26.5,
M0b weekday×hour profile,M0b weekday×hour profile,seen_test,16,23.17910439930178,527.1072977981204,1.0255784477937355,0.4190709148812868,1.0010132592393126,350.859712554097,0.027625979582819805,0.7021276595744681,0.053160308759369064,5.273609648455305,94.7263903515447,197.28423513091826,27,205,2,0.00975609756097561,0.07407407407407407,0.017241379310344827,91.32466980651512,38.5,
M0b weekday×hour profile,M0b weekday×hour profile,seen_test,17,24.11897272923757,443.36949595214264,0.6435269462096762,0.4766082586022917,0.9977276923542806,233.72110276425346,0.04080132328616063,0.7104,0.07717041800643087,6.385158144593278,93.61484185540672,157.96753647637433,7,262,1,0.003816793893129771,0.14285714285714285,0.007434944237918214,88.40169909832842,11.0,
M0b weekday×hour profile,M0b weekday×hour profile,val,18,19.666574529223173,364.79140943779527,3.191303308702734,0.68105825947025,1.0250391233352592,302.25754667347013,0.011010863198515478,0.40313570012614885,0.02143623749472958,5.4788819941774225,94.52111800582259,413.651448876096,69,1151,2,0.0017376194613379669,0.028985507246376812,0.0032786885245901635,60.81472731380509,3.5,
M1 LightGBM,M1 LightGBM,test,1,15.593233870432046,357.6546110191463,1.394157687701378,1.0834711956805159,1.115567069860328,225.89361783293032,0.010688596589508593,0.04922092663295841,0.01756323870540152,2.7210934605811277,97.27890653941886,236.69467530955666,93,202,0,0.0,0.0,0.0,,,
M1 LightGBM,M1 LightGBM,test,6,31.441973900918494,370.1479631841985,2.9842288270202215,0.5222727293180424,1.2395718886887575,526.9758286081944,0.015452377918934168,0.1471786426280662,0.027968342076871763,4.567687582818764,95.43231241718124,393.8551951192035,131,1097,6,0.0054694621695533276,0.04580152671755725,0.009771986970684038,66.01228766839458,17.0,
M1 LightGBM,M1 LightGBM,test,8,35.94880933402214,848.5308017746169,0.4964689049390073,0.6369363324991103,1.0112284690682445,530.9498040502884,0.0314138315672058,0.11451080050825921,0.04930247825373379,2.1476160951747225,97.85238390482529,48.20549341092455,310,462,6,0.012987012987012988,0.01935483870967742,0.015544041450777207,80.59675144292447,8.0,
M1 LightGBM,M1 LightGBM,test,10,41.15093554186241,314.16598056759386,0.3416871849057733,0.4723591954242073,0.8292304418074439,466.9702901335537,0.3012424236322265,0.5273268827437918,0.3834398087927157,21.137235596180506,78.8627644038195,44.694045913242164,562,759,106,0.13965744400527008,0.18861209964412812,0.16048448145344435,69.96026318260195,4.0,
M1 LightGBM,M1 LightGBM,test,19,11.79756361335091,106.46639096057471,1.931951604781704,0.9462363479435458,1.509681196565217,150.30919601072569,0.17610091125375948,0.24404354587869362,0.20457863996662498,13.122544669188942,86.87745533081106,280.0726158089815,218,88,4,0.045454545454545456,0.01834862385321101,0.026143790849673203,86.14848248492714,11.0,
M1 LightGBM,M1 LightGBM,test,20,17.08474624719655,269.3974919279406,0.6736572099691007,0.3423131903961671,0.9247491888652367,236.73593933662664,0.12064761256663264,0.3163333581146383,0.17467517806194707,17.146093480820586,82.85390651917942,150.2196275160895,218,350,17,0.04857142857142857,0.0779816513761468,0.05985915492957746,71.48414302271053,6.0,
M1 LightGBM,M1 LightGBM,seen_test,2,27.13819333158189,339.6641580362616,0.029206213091976588,0.3512482699363417,0.7934891507404408,326.611360868574,0.1779402415766052,0.4563090968373003,0.25603732162458837,25.501097800812367,74.49890219918764,71.57828088998998,81,103,7,0.06796116504854369,0.08641975308641975,0.07608695652173914,72.60392312558294,5.0,
M1 LightGBM,M1 LightGBM,seen_test,5,32.98825467272666,246.70383508017963,0.5601865362246691,0.6623002902504441,0.9292410699490806,508.17604987341105,0.2872463463358217,0.2,0.2358120063872945,9.202360019689804,90.7976399803102,34.778986357843294,137,44,9,0.20454545454545456,0.06569343065693431,0.09944751381215469,78.92417004036774,2.0,
M1 LightGBM,M1 LightGBM,seen_test,7,40.83579663374832,342.5097276433146,0.36579004372482815,0.3442807026899808,0.7264204678289363,380.9375688576282,0.4497421266322836,0.770539575108103,0.5679739467849224,30.64449337927519,69.35550662072482,32.776502248242,157,162,70,0.43209876543209874,0.445859872611465,0.438871473354232,67.38674213315831,0.0,
M1 LightGBM,M1 LightGBM,seen_test,9,21.86333020237454,411.7007706141892,0.37258324645403224,0.7151042228485185,0.8151874537590046,310.3296442087554,0.15600848613426277,0.7659970238095238,0.25922195643963236,24.796482987836704,75.20351701216329,112.46184165756652,35,98,21,0.21428571428571427,0.6,0.3157894736842105,72.66611693641399,1.0,
M1 LightGBM,M1 LightGBM,seen_test,15,13.467789175820558,389.52945979483775,0.01388340128415574,0.3767436920645717,0.6412662965509965,198.01790511738957,0.5649617871840094,0.44614670380687094,0.49857328145265883,33.65840704180191,66.34159295819809,64.95325282978251,18,9,6,0.6666666666666666,0.3333333333333333,0.4444444444444444,59.98061604430508,3.5,
M1 LightGBM,M1 LightGBM,seen_test,16,16.97723931939038,438.3208244264073,0.5993811878284864,0.35570361992285876,0.8648748687121698,257.57163504787724,0.1487695749440716,0.5502364066193853,0.2342138364779874,23.029330676755286,76.97066932324472,136.90878810609337,27,31,3,0.0967741935483871,0.1111111111111111,0.10344827586206896,67.99147886271471,1.0,
M1 LightGBM,M1 LightGBM,seen_test,17,16.262945332021303,352.7063899644715,0.21269641005572712,0.3151683082119655,0.7704569852964918,154.5666081871938,0.17227199295050669,0.6256,0.2701520036849378,25.816314523261735,74.18368547673826,95.45332648231097,7,50,1,0.02,0.14285714285714285,0.03508771929824562,89.18649876716235,4.0,
M1 LightGBM,M1 LightGBM,val,18,15.943472954801186,280.3104671234775,2.6737480355965655,0.6172413802553037,0.8649489061819888,249.037129810941,0.06850204933879823,0.7981618309605334,0.12617514671528687,27.702481416226078,72.29751858377392,339.6723221434304,69,194,44,0.2268041237113402,0.6376811594202898,0.33460076045627374,73.61380037338861,1.0,
M2 Seq2Point s10,M2 Seq2Point,test,1,7.6881945807639065,266.58834434708757,0.2354106533118784,0.5339391827583313,0.9228131208615351,96.83979034423828,0.2028589015799193,0.6121143328861831,0.30472863637531145,29.438224196906088,70.56177580309391,94.10284113428175,93,225,22,0.09777777777777778,0.23655913978494625,0.13836477987421383,48.68021288408093,1.5,
M2 Seq2Point s10,M2 Seq2Point,test,6,5.843241396481328,136.47037832874202,0.2925618292738471,0.21870392560958862,0.4870104191765081,92.28958892822266,0.3684290662707929,0.8389529340383115,0.5120080406263224,69.1629907701533,30.837009229846704,60.09319215723143,131,260,96,0.36923076923076925,0.732824427480916,0.4910485933503837,30.81935406084575,1.0,
M2 Seq2Point s10,M2 Seq2Point,test,8,23.24240517051391,573.2293706659972,0.32491704280368927,0.46323254704475403,0.7745547863679613,339.98516845703125,0.403534494043723,0.7833799237611182,0.5326766891308105,36.53789194191683,63.46210805808317,30.970403777714246,310,380,202,0.531578947368421,0.6516129032258065,0.5855072463768116,49.331612764658516,2.0,
M2 Seq2Point s10,M2 Seq2Point,test,10,26.87905344052084,245.8355353452032,0.31195162120556585,0.4154352843761444,0.7066858960621905,365.0667724609375,0.6670739779033654,0.6927510178184317,0.6796700731441614,44.04987210546946,55.95012789453054,24.754965773973957,562,615,342,0.5560975609756098,0.608540925266904,0.5811384876805438,45.186627513244595,13.0,
M2 Seq2Point s10,M2 Seq2Point,test,19,4.283845791977769,72.41263850731053,0.2682500533354743,0.4214422404766083,1.319052421392707,51.522682189941406,0.6176596861136288,0.8054743390357698,0.6991738214806414,46.79037755531379,53.20962244468621,80.03462777823364,218,232,168,0.7241379310344828,0.7706422018348624,0.7466666666666666,39.69145005437551,0.0,
M2 Seq2Point s10,M2 Seq2Point,test,20,8.365707462749711,269.49909138311534,0.4737775418771182,0.6532006859779358,0.906215049203573,144.12950134277344,0.39645559538032654,0.2960374693331351,0.3389657373909342,19.24779358194514,80.75220641805485,33.37445223034304,218,51,18,0.35294117647058826,0.08256880733944955,0.1338289962825279,44.02289939321955,5.5,
M2 Seq2Point s10,M2 Seq2Point,seen_test,2,16.849745163089278,290.35806458237414,0.28235500130571545,0.42746126651763916,0.7483316354836419,239.18959045410156,0.48885651857246903,0.547114444082165,0.5163474113393338,40.53355484803389,59.466445151966106,31.230945021394568,81,56,23,0.4107142857142857,0.2839506172839506,0.33576642335766416,33.97397811681152,5.0,
M2 Seq2Point s10,M2 Seq2Point,seen_test,5,27.658593081285606,239.58816572600432,0.7006080680253389,0.7643749713897705,0.8957380810947037,458.54913330078125,0.5255775577557755,0.18653001464128843,0.27534039334341903,12.325513987124019,87.67448601287599,17.613679210342085,137,43,18,0.4186046511627907,0.13138686131386862,0.2,72.18696664189399,4.0,
M2 Seq2Point s10,M2 Seq2Point,seen_test,7,16.47998966966348,153.71160282347734,0.0834879605349628,0.18574000895023346,0.42789012499784435,170.74305725097656,0.7782139352306182,0.8945290468133108,0.8323274731041721,75.21703559461113,24.782964405388856,16.434168351892595,157,147,129,0.8775510204081632,0.821656050955414,0.8486842105263158,22.534331451889006,0.0,
M2 Seq2Point s10,M2 Seq2Point,seen_test,9,9.030697582220728,207.00370615611817,0.0962260738844939,0.3723795711994171,0.5739695036744886,134.87918090820312,0.45392561983471075,0.8173363095238095,0.5836875664187036,66.05350501675582,33.946494983244186,43.569102371693575,35,46,27,0.5869565217391305,0.7714285714285715,0.6666666666666667,25.47264918078747,2.0,
M2 Seq2Point s10,M2 Seq2Point,seen_test,15,3.7889898814338054,156.88448937462786,0.09930536238861896,0.21520143747329712,0.36093518740680874,54.96331787109375,0.8015301530153015,0.8268337975858867,0.8139853747714808,76.56567078670318,23.43432921329681,13.503792974434914,18,18,13,0.7222222222222222,0.7222222222222222,0.7222222222222222,27.644690148653982,3.0,
M2 Seq2Point s10,M2 Seq2Point,seen_test,16,7.062413739635448,263.85257855806185,0.07352505025346003,0.29103174805641174,0.6856104953678465,99.63626861572266,0.4868701206529453,0.8108747044917257,0.6084257206208425,59.1900674987902,40.8099325012098,48.1624375265558,27,34,20,0.5882352941176471,0.7407407407407407,0.6557377049180328,23.844211609529992,2.0,
M2 Seq2Point s10,M2 Seq2Point,seen_test,17,6.567088771417372,212.2292184302459,0.10129914182460979,0.3450043201446533,0.5937403699747309,87.37537384033203,0.5845433255269321,0.6656,0.6224438902743142,60.68474895188125,39.31525104811875,29.185336865657774,7,13,3,0.23076923076923078,0.42857142857142855,0.3,9.310104339162262,2.0,
M2 Seq2Point s10,M2 Seq2Point,val,18,5.047655153005998,156.59757581504988,0.5606986293420639,0.3479594886302948,0.685357937018127,84.4593505859375,0.3243516578776277,0.8091548026671472,0.46307755775577564,62.82073079310506,37.17926920689495,93.24913214110134,69,97,49,0.5051546391752577,0.7101449275362319,0.5903614457831325,24.652555599994617,1.0,
M2 Seq2Point s20,M2 Seq2Point,test,1,7.6242706000021885,259.58080387181684,0.2755197702088735,0.5815630555152893,0.9126175112196377,94.29788970947266,0.16259669346276354,0.5530904963368074,0.2513128282070518,32.128237234908624,67.87176276509138,95.42373978597873,93,263,17,0.06463878326996197,0.1827956989247312,0.09550561797752809,32.17509229544698,2.0,
M2 Seq2Point s20,M2 Seq2Point,test,6,5.645286432257591,137.8830651894326,0.2420954196403599,0.22230835258960724,0.45855604706852865,86.85369110107422,0.3400612992449727,0.7885932218080957,0.4752030503251417,68.17991854634447,31.820081453655536,56.02962341769152,131,271,83,0.3062730627306273,0.6335877862595419,0.41293532338308464,42.409582029940715,3.0,
M2 Seq2Point s20,M2 Seq2Point,test,8,24.473855478906312,554.1533833008237,0.23616019251242593,0.43570995330810547,0.7659291177586023,337.3888854980469,0.3482924554300129,0.8350698856416773,0.4915629487793202,38.47407972304496,61.52592027695504,37.90990102571245,310,421,211,0.501187648456057,0.6806451612903226,0.5772913816689466,52.446473992937335,2.0,
M2 Seq2Point s20,M2 Seq2Point,test,10,30.518415198697905,277.8093633688336,0.36387551234127846,0.47616904973983765,0.7992575567620632,406.36669921875,0.6052765821775865,0.669186978973898,0.6356293264361466,35.990035902276915,64.00996409772308,27.62241286359524,562,622,292,0.4694533762057878,0.5195729537366548,0.49324324324324326,54.71511136814636,17.0,
M2 Seq2Point s20,M2 Seq2Point,test,19,5.444291628081098,81.7553854760027,0.5235038849151571,0.6370725631713867,1.7985960846327194,71.85486602783203,0.5123723581097127,0.671104199066874,0.5810934554268785,41.50588176291137,58.49411823708864,110.84450672860434,218,193,120,0.6217616580310881,0.5504587155963303,0.5839416058394161,30.22524129427565,0.0,
M2 Seq2Point s20,M2 Seq2Point,test,20,8.473041216335892,222.7330506005591,0.10912023260465295,0.4792119860649109,0.8272516614823824,132.31507873535156,0.36896197327852004,0.3736525165415211,0.37129243157389286,36.74852475139627,63.25147524860373,52.33945198813842,218,96,37,0.3854166666666667,0.16972477064220184,0.2356687898089172,31.736679781025405,2.0,
M2 Seq2Point s20,M2 Seq2Point,seen_test,2,17.748419294549734,257.3408244552656,0.0597812721968626,0.376483291387558,0.727844804171066,233.68624877929688,0.41124739643601016,0.5793935441799805,0.4810503519220357,49.24358756269702,50.75641243730298,44.77828521761673,81,71,25,0.352112676056338,0.30864197530864196,0.32894736842105254,39.32520794221054,4.0,
M2 Seq2Point s20,M2 Seq2Point,seen_test,5,27.310727646917734,243.1272747335348,0.7512155080337692,0.7589662075042725,0.9065886582217234,461.2466735839844,0.4899863892669648,0.18448023426061494,0.268042333670159,10.457252912257013,89.54274708774297,14.421196284366067,137,36,11,0.3055555555555556,0.08029197080291971,0.12716763005780346,66.59441665046853,4.0,
M2 Seq2Point s20,M2 Seq2Point,seen_test,7,19.30821322120698,162.65705202917496,0.05926727151317007,0.20324286818504333,0.48163983897063706,187.21914672851562,0.6799971020792581,0.88230870464373,0.7680536802913137,72.89131826587945,27.108681734120545,21.18195458280355,157,154,121,0.7857142857142857,0.7707006369426752,0.7781350482315113,29.234720317885905,2.0,
M2 Seq2Point s20,M2 Seq2Point,seen_test,9,11.011789976466197,235.44189476381732,0.18411800970130268,0.707859456539154,0.6969440275635989,170.45330810546875,0.3827452304575384,0.8433779761904762,0.526535826268726,61.945682201740176,38.05431779825983,56.466118768390096,35,51,21,0.4117647058823529,0.6,0.4883720930232558,36.30936747809461,2.0,
M2 Seq2Point s20,M2 Seq2Point,seen_test,15,3.4073864941563685,147.03959550934746,0.048803011350766465,0.19977188110351562,0.3759070737332183,37.30268096923828,0.7915254237288135,0.8672237697307336,0.8276473194505982,80.95087677741375,19.04912322258625,14.168822087509618,18,22,14,0.6363636363636364,0.7777777777777778,0.7000000000000001,15.184074057837844,0.0,
M2 Seq2Point s20,M2 Seq2Point,seen_test,16,7.177821612863775,273.44619990819206,0.045750319260518806,0.3353981673717499,0.6994886877416769,105.85165405273438,0.45295829291949563,0.8280141843971631,0.5855799373040752,57.07437608784963,42.92562391215037,47.50065583820225,27,30,19,0.6333333333333333,0.7037037037037037,0.6666666666666667,28.516611714648672,3.0,
M2 Seq2Point s20,M2 Seq2Point,seen_test,17,6.0823316433394945,196.4697597400387,0.04224714764545766,0.27396056056022644,0.5174129951302248,69.16378021240234,0.5667793744716821,0.7152,0.6323980193350625,66.16557307081295,33.834426929187046,29.609712164641277,7,9,3,0.3333333333333333,0.42857142857142855,0.375,60.30313584944354,18.0,
M2 Seq2Point s20,M2 Seq2Point,val,18,4.9043122513633515,160.97767193871354,0.5206005869064132,0.27515026926994324,0.619800017065376,76.6990966796875,0.27895171013389175,0.7922148134799063,0.4126149802890933,62.66777625283464,37.33222374716536,89.39228243780667,69,88,47,0.5340909090909091,0.6811594202898551,0.5987261146496815,26.235109736558716,2.0,
M2 Seq2Point s42,M2 Seq2Point,test,1,7.751289663912653,262.30796892431346,0.2722974792690406,0.4937577247619629,0.9083447078070034,98.2253189086914,0.20616870768996728,0.5593849963884016,0.30129220508545224,30.606884904986003,69.393115095014,96.62286302191806,93,181,18,0.09944751381215469,0.1935483870967742,0.1313868613138686,39.62193029801939,1.5,
M2 Seq2Point s42,M2 Seq2Point,test,6,6.176776429319263,135.34925124978935,0.3190910157102655,0.2140568047761917,0.458219525495017,93.74584197998047,0.3258603066439523,0.8289850047672706,0.46782595935138316,67.89428024978166,32.105719750218356,64.01482132124491,131,262,100,0.3816793893129771,0.7633587786259542,0.5089058524173028,34.166741216036364,2.0,
M2 Seq2Point s42,M2 Seq2Point,test,8,23.76884894486846,559.3692622980584,0.2898997539045908,0.4450611472129822,0.7554125397779605,342.915771484375,0.35436514133999686,0.8072681067344346,0.49252666832051606,37.21930149208129,62.78069850791871,33.79072311745963,310,412,185,0.44902912621359226,0.5967741935483871,0.5124653739612188,52.186378317869,2.0,
M2 Seq2Point s42,M2 Seq2Point,test,10,28.968566084262836,254.43917903103093,0.2850155656103549,0.4377385973930359,0.7399226397557983,372.73333740234375,0.6017731375493955,0.7273480322176986,0.6586284492251712,42.259765432523956,57.740234567476044,29.23867800644056,562,676,329,0.48668639053254437,0.5854092526690391,0.5315024232633279,49.07564739885146,16.0,
M2 Seq2Point s42,M2 Seq2Point,test,19,5.4110849319675465,78.83074453282792,0.5218734284103098,0.5266790390014648,1.6350441111786989,67.54924011230469,0.5586663513833058,0.7348678071539658,0.6347662547017734,41.9407875792317,58.0592124207683,110.24655526179927,218,210,143,0.680952380952381,0.6559633027522935,0.6682242990654206,45.17544549850784,0.0,
M2 Seq2Point s42,M2 Seq2Point,test,20,8.967050390377814,249.46226096861582,0.26278059764712836,0.5294777154922485,0.866085685673534,140.9091033935547,0.35149483095836825,0.3740985800312244,0.36244462851586406,25.69582039525184,74.30417960474816,48.02611984003533,218,88,28,0.3181818181818182,0.12844036697247707,0.18300653594771243,52.30594647544511,4.0,
M2 Seq2Point s42,M2 Seq2Point,seen_test,2,17.00221059095906,267.9481353614125,0.15857576605735935,0.3929550051689148,0.7179104390125529,214.7273406982422,0.45531218529707956,0.5896641669383763,0.5138513993464981,46.312177573700396,53.687822426299604,37.83024582056368,81,47,22,0.46808510638297873,0.2716049382716049,0.34375,32.496508056133585,5.0,
M2 Seq2Point s42,M2 Seq2Point,seen_test,5,26.83115919073724,230.36215544754953,0.6587779536805245,0.6654409170150757,0.8440780044641676,422.5108642578125,0.524482109227872,0.24465592972181552,0.33366613418530355,15.991918975692702,84.00808102430729,18.13028565625484,137,47,14,0.2978723404255319,0.10218978102189781,0.15217391304347827,45.172129030154906,4.0,
M2 Seq2Point s42,M2 Seq2Point,seen_test,7,17.928775947542547,158.59143275650118,0.09880445683510064,0.18374814093112946,0.460197683312236,177.783447265625,0.7114669499886165,0.8812746756909193,0.7873189166491705,72.63947371091564,27.36052628908436,17.480080605574305,157,154,122,0.7922077922077922,0.7770700636942676,0.7845659163987138,24.586762420226275,1.0,
M2 Seq2Point s42,M2 Seq2Point,seen_test,9,10.347530970329803,232.7614461218514,0.11236820691350557,0.46795639395713806,0.6216338569382853,143.59487915039062,0.3962061560486757,0.8236607142857143,0.5350410826486225,61.209047889946184,38.790952110053816,50.02777280140437,35,49,23,0.46938775510204084,0.6571428571428571,0.5476190476190477,34.17665436137007,2.0,
M2 Seq2Point s42,M2 Seq2Point,seen_test,15,3.951040577453344,143.7235873328624,0.01862882308916744,0.18481412529945374,0.3552127469397129,49.83287048339844,0.7679932260795935,0.8421541318477251,0.8033658104517273,79.8095974619564,20.1904025380436,18.32752022912687,18,17,12,0.7058823529411765,0.6666666666666666,0.6857142857142857,11.317904865935203,0.5,
M2 Seq2Point s42,M2 Seq2Point,seen_test,16,6.790050044072275,249.16687276571037,0.09930117507381676,0.30449238419532776,0.6285147479180845,93.2869873046875,0.46902042229145036,0.8008274231678487,0.5915738921632833,62.19449423424166,37.80550576575834,47.735623273140014,27,33,19,0.5757575757575758,0.7037037037037037,0.6333333333333334,23.167502789146848,1.0,
M2 Seq2Point s42,M2 Seq2Point,seen_test,17,6.770745541287613,202.4654009417534,0.016369586326345307,0.2895784378051758,0.5682226790302545,75.61956024169922,0.5575405068550062,0.7157333333333333,0.626809901914993,63.86906593117291,36.13093406882709,34.49397543619255,7,16,5,0.3125,0.7142857142857143,0.43478260869565216,38.95705294915538,3.0,
M2 Seq2Point s42,M2 Seq2Point,val,18,5.912744690301959,169.65974549516,0.6940795773005455,0.3598347008228302,0.7191794113422807,95.37434387207031,0.2710551181102362,0.7754550369435934,0.4016990291262136,58.31307911470695,41.68692088529305,111.0948786153476,69,92,50,0.5434782608695652,0.7246376811594203,0.6211180124223603,22.115819282261295,2.0,
M3 gated s10,M3 gated,test,1,9.234806850237565,294.9031075725813,0.39677257335492244,0.5628703236579895,0.9042363696783001,114.23957061767578,0.11859371131468185,0.44484573315447323,0.18726380261500372,20.943763526733495,79.05623647326651,118.73349380875875,93,203,7,0.034482758620689655,0.07526881720430108,0.04729729729729729,36.342620860855085,5.0,0.14900598088854694
M3 gated s10,M3 gated,test,6,7.436920319979616,160.51798634429414,0.4138338065002882,0.255148708820343,0.503022579639119,119.87306213378906,0.21591057825711368,0.7149172228482275,0.33165788732960716,62.826490471845844,37.173509528154156,78.556890178183,131,305,81,0.26557377049180325,0.6183206106870229,0.3715596330275229,36.79981647538907,5.0,0.36248707160131677
M3 gated s10,M3 gated,test,8,33.065357243228554,536.9597087983589,0.16527480680273895,0.4755672514438629,0.8036694935861237,381.1455383300781,0.23120622456170628,0.8170775095298602,0.36042418671389814,41.09244898025464,58.90755101974537,75.43503170001928,310,673,185,0.274888558692422,0.5967741935483871,0.3763987792472025,47.143886429376906,2.0,0.46486585956494964
M3 gated s10,M3 gated,test,10,32.921265720742504,285.7021751900292,0.3880256724949288,0.5450516939163208,0.779262327816536,454.1986083984375,0.4507223279008791,0.6180581258041207,0.5212905911121352,31.175215663861568,68.82478433613844,30.022217086645565,562,567,193,0.3403880070546737,0.34341637010676157,0.3418954827280779,56.990139918028994,19.0,0.46897831639405235
M3 gated s10,M3 gated,test,19,6.38026111400363,77.96756448679356,0.8368528336123034,0.6210803985595703,1.4488708459266968,77.62200927734375,0.42262313074495816,0.7665318818040435,0.544847560301563,42.61718520481436,57.38281479518564,141.06809815641597,218,229,150,0.6550218340611353,0.6880733944954128,0.6711409395973154,38.01442201512881,0.0,0.5092653262284148
M3 gated s10,M3 gated,test,20,9.723861390556639,245.93806097124065,0.1023690910995797,0.4842117726802826,0.8179903983853668,148.39413452148438,0.2613874920665918,0.39803732064530517,0.3155537219308069,28.554112014804545,71.44588798519547,61.208978875237484,218,59,24,0.4067796610169492,0.11009174311926606,0.1732851985559567,39.15150685008319,4.0,0.23224490724138924
M3 gated s10,M3 gated,seen_test,2,19.56042856329683,286.20233371400747,0.11582101123182975,0.35997089743614197,0.7478487715612488,246.19227600097656,0.30522088353413657,0.5327681773720248,0.3881004690932842,41.56483511525109,58.43516488474891,46.85306376156594,81,68,24,0.35294117647058826,0.2962962962962963,0.3221476510067114,35.33225660172252,4.0,0.3315130888890834
M3 gated s10,M3 gated,seen_test,5,26.524246622108937,247.467060583893,0.8103144753868684,0.8033444285392761,0.9030593183512564,461.16375732421875,0.4663650668764752,0.17357247437774523,0.25298762270593256,8.999256031643233,91.00074396835677,9.96929642966993,137,31,9,0.2903225806451613,0.06569343065693431,0.10714285714285715,60.63067538688863,7.0,0.32316714953263914
M3 gated s10,M3 gated,seen_test,7,25.712926041418772,207.2342935326013,0.09750831891696408,0.2595738470554352,0.5383361071813924,226.56253051757812,0.5768848219614084,0.8178228990411731,0.6765426338504608,62.9700406511838,37.0299593488162,27.279127457119788,157,116,94,0.8103448275862069,0.5987261146496815,0.6886446886446886,27.02285939119435,2.0,0.7225125719582978
M3 gated s10,M3 gated,seen_test,9,13.287495228570414,260.7030472201544,0.31292903842748626,0.507270097732544,0.6998860398160305,176.64198303222656,0.284192302570249,0.7938988095238095,0.41855447680690394,58.61939943645224,41.38060056354776,72.6735044062964,35,43,20,0.46511627906976744,0.5714285714285714,0.5128205128205128,26.4707468331708,0.0,0.4423863946643011
M3 gated s10,M3 gated,seen_test,15,4.361887425906481,171.43301919361477,0.04534097727929429,0.21323037147521973,0.3772143623009926,49.938621520996094,0.7384928716904277,0.8416898792943361,0.7867216315903666,76.47135691843681,23.528643081563185,18.99454535363375,18,19,14,0.7368421052631579,0.7777777777777778,0.7567567567567567,24.2225809315052,2.5,0.756418905950021
M3 gated s10,M3 gated,seen_test,16,10.519251111729357,293.2407150669746,0.4208690233616458,0.3420538306236267,0.7249848867210843,155.08709716796875,0.20696812453669386,0.8250591016548463,0.3309233139741614,54.78262754377278,45.21737245622722,87.3042747923918,27,55,17,0.3090909090909091,0.6296296296296297,0.41463414634146345,26.292021576297238,1.0,0.3887956927885765
M3 gated s10,M3 gated,seen_test,17,8.39446419047519,250.21088047522704,0.11072780545774177,0.3688858151435852,0.6175454041471544,99.5074462890625,0.3939295039164491,0.6437333333333334,0.48876290747114803,50.682738759490285,49.317261240509715,38.244480694735536,7,9,5,0.5555555555555556,0.7142857142857143,0.6250000000000001,27.568430600992894,2.0,0.4456965690909839
M3 gated s10,M3 gated,val,18,9.611625844154103,202.00445079181617,1.4799740534087575,0.4882905185222626,0.7886018218409502,155.3799285888672,0.11583568709320889,0.6799423319517031,0.19794863723407047,49.81936046026933,50.18063953973067,198.17804488060636,69,79,31,0.3924050632911392,0.4492753623188406,0.4189189189189189,37.39729840428638,4.0,0.2467895220527338
M3 gated s20,M3 gated,test,1,6.34990757619144,273.8223668114559,0.10728687748265796,0.6261141896247864,0.9040645781000668,89.0204086303711,0.22677237209832887,0.4102775771334228,0.29209521010872763,26.63496443958757,73.36503556041244,62.63634781214665,93,70,5,0.07142857142857142,0.053763440860215055,0.06134969325153374,42.80522298230558,0.0,0.21635934589102307
M3 gated s20,M3 gated,test,6,4.910246417888996,135.14283925244965,0.1429996859779361,0.22948724031448364,0.47679543541019676,76.32962799072266,0.335257661940742,0.6845800468059288,0.45009260578429977,68.94433221787104,31.055667782128957,45.35563637992256,131,187,49,0.2620320855614973,0.37404580152671757,0.3081761006289308,30.067722515022083,4.0,0.3471855783582256
M3 gated s20,M3 gated,test,8,23.496602176532654,514.9008744290179,0.19134267110063008,0.4506324529647827,0.7493039724305313,331.3876037597656,0.34852225963337075,0.7102414231257942,0.4675924376777648,42.70021685775318,57.29978314224681,38.16551603218381,310,344,120,0.3488372093023256,0.3870967741935484,0.36697247706422015,49.26697050557833,2.0,0.5347856727382339
M3 gated s20,M3 gated,test,10,27.14685378940512,243.84500666782642,0.2688866861797418,0.41316986083984375,0.7035156753242449,345.9906311035156,0.639721706864564,0.6077125081513597,0.6233064290168928,45.80107991798274,54.19892008201727,27.31025146404309,562,425,141,0.33176470588235296,0.2508896797153025,0.28571428571428575,61.769001166410355,20.0,0.6148429923891572
M3 gated s20,M3 gated,test,19,4.6480137271414845,84.54154425681023,0.1264155591807052,0.6472250819206238,1.6568822723794983,64.90880584716797,0.5729120775379193,0.5662830482115085,0.5695782755600051,34.03513391711029,65.96486608288971,78.60642200096024,218,128,99,0.7734375,0.4541284403669725,0.5722543352601155,49.295109922217975,3.0,0.7057467786814238
M3 gated s20,M3 gated,test,20,7.48978288231861,239.24189473943392,0.39649108989191023,0.5989776253700256,0.8188385402413463,130.59315490722656,0.4352393329001516,0.29878819418630587,0.35433105576372054,29.086885561901976,70.91311443809803,31.264005448906996,218,23,12,0.5217391304347826,0.05504587155963303,0.09958506224066391,33.13226500899234,3.0,0.3679198559629285
M3 gated s20,M3 gated,seen_test,2,16.00886185830398,247.13798642464812,0.1265358052885261,0.3831738531589508,0.7019195034792628,213.11575317382812,0.4566437928883344,0.4773394196283013,0.4667623146819704,50.587632590624715,49.412367409375285,36.758786880522685,81,24,7,0.2916666666666667,0.08641975308641975,0.13333333333333333,31.664620269360704,5.0,0.4772533553173617
M3 gated s20,M3 gated,seen_test,5,25.703308592460232,240.80316336162355,0.7812071509207004,0.7796919345855713,0.8711432849700531,436.83416748046875,0.5783699059561128,0.13506588579795023,0.2189910979228487,12.017157606074749,87.98284239392525,9.862127301855205,137,6,3,0.5,0.021897810218978103,0.04195804195804196,66.72827924492353,18.0,0.40032099571452684
M3 gated s20,M3 gated,seen_test,7,18.261655400220636,164.9470940748603,0.10403942274005146,0.17755891382694244,0.46702730086633754,174.19671630859375,0.760353879058915,0.7351945854483926,0.7475626075320206,71.96145280663666,28.038547193363346,17.634604919358193,157,94,79,0.8404255319148937,0.5031847133757962,0.6294820717131474,26.24584433254394,6.0,0.8018491534735278
M3 gated s20,M3 gated,seen_test,9,9.028824413863756,217.69127336903927,0.0743773238535884,0.45721083879470825,0.6151413968179525,133.36083984375,0.427001953125,0.6506696428571429,0.515625,64.96910674821638,35.03089325178363,42.46862563714248,35,22,13,0.5909090909090909,0.37142857142857144,0.456140350877193,37.24343230272148,3.0,0.5371994671628161
M3 gated s20,M3 gated,seen_test,15,2.7628313220468272,132.7731094110145,0.10861253978935143,0.19478267431259155,0.31054822569052865,37.68144226074219,0.8379160636758322,0.8064066852367688,0.8218594748048261,81.10222158609534,18.897778413904664,8.036524434969536,18,14,11,0.7857142857142857,0.6111111111111112,0.6875000000000001,21.149222626768324,3.0,0.7589575970038694
M3 gated s20,M3 gated,seen_test,16,5.926979163058209,227.46631083970678,0.04665391842454481,0.2771918773651123,0.6399666444482139,87.52099609375,0.5438165438165438,0.7848699763593381,0.6424770198355104,64.99861987559954,35.001380124400455,39.66677196685493,27,16,14,0.875,0.5185185185185185,0.6511627906976744,16.828238748076743,0.5,0.6621818467066972
M3 gated s20,M3 gated,seen_test,17,5.309120287180166,196.76953705420638,0.19134949874328355,0.32998719811439514,0.5551406822803692,71.16117858886719,0.6721311475409836,0.5904,0.6286201022146508,62.74309724821022,37.25690275178979,18.12195287746143,7,4,3,0.75,0.42857142857142855,0.5454545454545454,8.034498741018618,4.0,0.6030973725892353
M3 gated s20,M3 gated,val,18,5.918332311014273,157.89117155105578,0.7526280000026889,0.4549248516559601,0.8453328716249485,105.75810241699219,0.2646076174920187,0.6422778879077311,0.37480281838258495,61.16830985499168,38.83169014500831,114.09449014527723,69,42,27,0.6428571428571429,0.391304347826087,0.4864864864864865,21.534241291964772,4.0,0.36792947704210516
M3 gated s42,M3 gated,test,1,5.942665298986239,293.3744169039582,0.31374018564548845,0.6985275149345398,0.9143104744720479,93.29884338378906,0.23283770958557418,0.3797337736043752,0.288672732977722,20.673426528432206,79.3265734715678,47.95255490701895,93,43,7,0.16279069767441862,0.07526881720430108,0.10294117647058824,33.9668424763005,4.0,0.24187433511213785
M3 gated s42,M3 gated,test,6,4.120391776582585,136.16984341210625,0.02122929943054294,0.23986433446407318,0.43468456729878335,61.100032806396484,0.3846721095601791,0.6330068475340209,0.4785400694580958,69.00151496980962,30.998485030190377,33.12141497324468,131,131,39,0.29770992366412213,0.29770992366412213,0.29770992366412213,29.238992449542383,6.0,0.42306440580581084
M3 gated s42,M3 gated,test,8,21.20049416501831,535.2113035619353,0.3442151577814152,0.4662524163722992,0.7481484104971826,327.68292236328125,0.42718183358752754,0.6406099110546378,0.5125660837738918,39.72106776590341,60.2789322340966,25.857416455955068,310,245,104,0.42448979591836733,0.33548387096774196,0.37477477477477483,41.33120528014986,3.0,0.5501476625269454
M3 gated s42,M3 gated,test,10,29.740554563441037,287.39226329186556,0.4567246011015129,0.5448105335235596,0.809955551840298,452.9532165527344,0.6374544626593807,0.49343485080808613,0.5562741533295581,32.51535538845424,67.48464461154576,21.812184501394476,562,294,84,0.2857142857142857,0.1494661921708185,0.19626168224299065,51.6234776862049,17.0,0.5795889166396742
M3 gated s42,M3 gated,test,19,3.6058593664190712,82.36881562434469,0.15458407724898882,0.5541388392448425,1.282371937572098,50.888248443603516,0.6526520864756159,0.6460342146189736,0.649326288804827,36.19267719737475,63.807322802625265,48.34891507772636,218,158,133,0.8417721518987342,0.6100917431192661,0.7074468085106383,43.450996757750524,0.0,0.6998887864309845
M3 gated s42,M3 gated,test,20,7.244535170781231,250.8839150064281,0.5187529044250172,0.6601294279098511,0.8362415722603588,134.89356994628906,0.43867359168997205,0.24488885584714892,0.31431297709923667,24.646654063444373,75.35334593655563,23.478055494053905,218,16,6,0.375,0.027522935779816515,0.05128205128205129,29.082109446890453,4.5,0.3630444131472572
M3 gated s42,M3 gated,seen_test,2,15.391393980205773,290.0954827080676,0.3865727513019386,0.45660391449928284,0.7484142625495974,233.6590576171875,0.5242001640689089,0.416693837626345,0.46430517711171665,39.24761235372681,60.7523876462732,22.095112516079336,81,17,7,0.4117647058823529,0.08641975308641975,0.14285714285714285,38.94838571508285,3.0,0.4692815641128544
M3 gated s42,M3 gated,seen_test,5,26.224166972849645,244.46693694973592,0.8041857264260961,0.8076317310333252,0.901325720534515,452.4757385253906,0.5162374020156775,0.10124450951683749,0.16928820613256623,9.876851159294903,90.1231488407051,9.704576198095488,137,6,0,0.0,0.0,0.0,,,0.31021501532276247
M3 gated s42,M3 gated,seen_test,7,16.300460832998326,160.04952713296188,0.14441654784399377,0.20383986830711365,0.43236484547256715,185.53024291992188,0.8104049910119488,0.720436172212822,0.7627768101517791,72.39511073562203,27.604889264377974,13.163234479978593,157,87,72,0.8275862068965517,0.4585987261146497,0.5901639344262295,22.10461827593747,4.5,0.8105535084362175
M3 gated s42,M3 gated,seen_test,9,8.566856905091743,223.32129770373004,0.00728787198487977,0.5096023082733154,0.6213227330229489,140.24798583984375,0.4833854018744675,0.6331845238095238,0.5482364309872765,63.597298676264614,36.402701323735386,37.13148852222338,35,19,10,0.5263157894736842,0.2857142857142857,0.37037037037037035,20.132379908084985,2.0,0.5247929664315424
M3 gated s42,M3 gated,seen_test,15,2.681958145781856,125.1069311680395,0.08741172805602128,0.19899064302444458,0.28750042225729744,35.50574493408203,0.8217452169855343,0.8175487465181058,0.8196416104258785,82.55647057131463,17.443529428685384,8.702356623083244,18,20,15,0.75,0.8333333333333334,0.7894736842105262,17.50902020192698,1.0,0.7900355934693566
M3 gated s42,M3 gated,seen_test,16,5.036244349372739,238.06299402867236,0.13097138106538095,0.3294331729412079,0.5995513199220142,74.6688232421875,0.617693522906793,0.6932624113475178,0.6532999164578113,61.7280986469042,38.2719013530958,25.174763246557703,27,14,10,0.7142857142857143,0.37037037037037035,0.4878048780487805,11.06729980239934,1.0,0.642120003734734
M3 gated s42,M3 gated,seen_test,17,6.245141355608193,225.97798427861588,0.23482352155113756,0.4364490509033203,0.6166010585140533,84.34092712402344,0.6525821596244131,0.5930666666666666,0.6214026264319643,55.687629185001676,44.312370814998324,20.830018659884555,7,6,4,0.6666666666666666,0.5714285714285714,0.6153846153846153,7.0208211969094965,4.0,0.617523447534958
M3 gated s42,M3 gated,val,18,5.055677041888672,184.84098368495856,0.4059883813802537,0.4698598384857178,0.8455544605689405,89.2381820678711,0.3405091725945339,0.6556136240764102,0.4482227561140886,54.981577980699065,45.01842201930094,85.61726015732633,69,47,29,0.6170212765957447,0.42028985507246375,0.5,29.329861339804246,2.0,0.43261256394919767
M4 augmented s10,M4 augmented,test,1,7.570367441608058,227.5002320355379,0.429360631530584,0.46455109119415283,0.823725841926563,89.64129638671875,0.20970511159974697,0.7183985140852337,0.32464443926323155,40.39752524682916,59.60247475317084,102.53853790622922,93,217,40,0.18433179723502305,0.43010752688172044,0.25806451612903225,34.09222174515356,0.5,
M4 augmented s10,M4 augmented,test,6,5.491419035256971,100.44547116265502,0.4729298650911397,0.17416049540042877,0.33381714603236756,83.97103881835938,0.3388041449443264,0.9125422553523447,0.4941447044190466,80.91885247306884,19.081147526931154,66.37413403604513,131,293,114,0.3890784982935154,0.8702290076335878,0.5377358490566039,28.244100110169935,1.0,
M4 augmented s10,M4 augmented,test,8,22.674508147703058,470.2860144141977,0.09144788549755756,0.3593035340309143,0.6745920558816213,279.0359191894531,0.3361203694886201,0.8969758576874206,0.48899972291493476,49.36501574529366,50.63498425470633,41.49019570495058,310,524,250,0.4770992366412214,0.8064516129032258,0.5995203836930455,43.35558818594234,1.0,
M4 augmented s10,M4 augmented,test,10,26.487075670809485,201.4091478506502,0.006742961435007007,0.31029561161994934,0.6548528305567106,268.5483093261719,0.6153206650831354,0.8218156823349019,0.7037330496004347,60.5730632287384,39.426936771261595,40.10123291476229,562,705,461,0.6539007092198581,0.8202846975088968,0.7277032359905287,35.12455374790674,12.0,
M4 augmented s10,M4 augmented,test,19,6.428483459676231,69.4396701838517,1.0645066669233627,0.797558605670929,1.9427160849782465,90.76386260986328,0.4721196192641,0.8269362363919129,0.6010716465827135,53.24992570438831,46.75007429561169,153.20074098794797,218,282,172,0.6099290780141844,0.7889908256880734,0.6880000000000001,29.23551220580387,0.0,
M4 augmented s10,M4 augmented,test,20,8.877755624086463,260.2300340243681,0.3233355227228822,0.5681241750717163,0.8885250208926986,141.71214294433594,0.41014067554351913,0.4053230243104602,0.407717618905175,23.277162694763376,76.72283730523662,44.389285032948415,218,76,31,0.40789473684210525,0.14220183486238533,0.2108843537414966,39.84060890541568,3.0,
M4 augmented s10,M4 augmented,seen_test,2,22.451671775635322,261.66911851671637,0.2277627539147944,0.48121365904808044,0.7416866200716253,310.7381591796875,0.3632091305807318,0.7055754809259863,0.4795567867036011,50.96265305577843,49.037346944221575,71.81362233570103,81,89,31,0.34831460674157305,0.38271604938271603,0.36470588235294116,34.39119833835766,5.0,
M4 augmented s10,M4 augmented,seen_test,5,26.714818599890194,222.88807822446287,0.5787539177182606,0.6508596539497375,0.8312219985700791,399.2787780761719,0.5356144321661563,0.2945095168374817,0.38004817911293753,20.21455805579764,79.78544194420236,21.9100501723763,137,79,25,0.31645569620253167,0.18248175182481752,0.23148148148148148,56.991247256436175,2.0,
M4 augmented s10,M4 augmented,seen_test,7,16.031391615603887,142.7219163048018,0.02271723963431686,0.17947430908679962,0.39221552588021463,150.02145385742188,0.7303478904515174,0.9275239706711788,0.8172105350339572,78.81655274216405,21.183447257835955,18.91172329440426,157,161,129,0.8012422360248447,0.821656050955414,0.8113207547169812,26.65325661517039,1.0,
M4 augmented s10,M4 augmented,seen_test,9,8.823364365243238,178.73840241298257,0.24341101435903853,0.44485169649124146,0.5311671025824417,120.97789001464844,0.4104906937394247,0.9025297619047619,0.5643172830890905,74.30258131553109,25.697418684468918,50.038520120372766,35,61,31,0.5081967213114754,0.8857142857142857,0.6458333333333334,26.721250668509434,1.0,
M4 augmented s10,M4 augmented,seen_test,15,2.6436618998791164,109.59694864433862,0.02477813927917163,0.1559603214263916,0.27411703672141047,30.436969757080078,0.7718446601941747,0.8857938718662952,0.8249027237354086,88.35263524820607,11.64736475179393,14.125178679711082,18,26,17,0.6538461538461539,0.9444444444444444,0.7727272727272727,15.802618616191713,0.0,
M4 augmented s10,M4 augmented,seen_test,16,7.046267505963538,187.94639013034796,0.3678928158093537,0.34165123105049133,0.6179494654574597,109.7924575805664,0.4197129704847008,0.9160756501182034,0.5756731662024142,74.0101609959173,25.98983900408269,62.77912058501803,27,40,25,0.625,0.9259259259259259,0.7462686567164178,22.745733422800587,2.0,
M4 augmented s10,M4 augmented,seen_test,17,6.98209402462632,197.7487463809818,0.0031197705235010997,0.27823173999786377,0.5640673981385387,83.90894317626953,0.48875821515046697,0.7536,0.5929500629458666,63.74125726520701,36.25874273479299,36.57071978714312,7,20,5,0.25,0.7142857142857143,0.37037037037037035,21.875659884769167,3.0,
M4 augmented s10,M4 augmented,val,18,5.66448927227723,133.35413378586728,0.8691480888068976,0.3234614133834839,0.5406771814166341,93.99578857421875,0.25926326607886624,0.86375923589836,0.39881843900815445,70.27389072546531,29.726109274534686,116.64091815522445,69,95,53,0.5578947368421052,0.7681159420289855,0.6463414634146342,13.70293726053173,1.0,
M4 augmented s20,M4 augmented,test,1,8.80365074664183,255.18362627184567,0.5361602155867741,0.4851642847061157,0.859565995059654,103.57518005371094,0.16758439627332078,0.7442988339696626,0.27357202457710683,32.53036453757437,67.46963546242563,121.08565702110302,93,337,33,0.09792284866468842,0.3548387096774194,0.15348837209302327,42.28377291167839,2.0,
M4 augmented s20,M4 augmented,test,6,7.314560345979743,107.09327341069582,0.7159217736482993,0.20561088621616364,0.34913444726977144,117.76126861572266,0.24198066323303516,0.9284909421860102,0.3839082519487501,78.88294748321762,21.117052516782376,92.70922988161232,131,411,112,0.2725060827250608,0.8549618320610687,0.4132841328413284,25.267321986064122,1.0,
M4 augmented s20,M4 augmented,test,8,23.98082506586949,509.22801861105387,0.14518587774757005,0.35369667410850525,0.6825711400046485,289.631591796875,0.29413464316671484,0.9313341804320203,0.4470740365730179,44.024372104775,55.975627895225,41.457040120467994,310,624,253,0.40544871794871795,0.8161290322580645,0.5417558886509636,48.10647453798152,3.0,
M4 augmented s20,M4 augmented,test,10,33.20255560055491,229.10766134012056,0.06558534288687297,0.3939073383808136,0.7448247326945203,326.81072998046875,0.47399032555282555,0.8704065986358589,0.613753720538616,53.43347615125523,46.56652384874477,53.12505813743208,562,989,473,0.4782608695652174,0.8416370106761566,0.6099290780141844,40.83345139367232,11.0,
M4 augmented s20,M4 augmented,test,19,9.077433415165217,69.98294989062926,1.8926798379278507,1.3119304180145264,2.4659438091106725,144.28648376464844,0.3836148423992552,0.8971695178849145,0.5374324576113284,53.46226582525428,46.53773417474572,235.8057179675308,218,428,197,0.4602803738317757,0.9036697247706422,0.6099071207430341,33.2648398515481,0.0,
M4 augmented s20,M4 augmented,test,20,9.852000518099183,252.11930257710668,0.14743393505587307,0.49290165305137634,0.877797146982801,147.47181701660156,0.36193419378294855,0.5920749386662701,0.44924552249330135,25.426819981176894,74.57318001882311,59.829786513235796,218,202,71,0.35148514851485146,0.3256880733944954,0.33809523809523806,51.014976064860974,4.0,
M4 augmented s20,M4 augmented,seen_test,2,24.350977970539734,288.66855022136644,0.19107046972150885,0.4655742347240448,0.7905846723558858,312.8911437988281,0.33829444891391797,0.8226279752200848,0.47942992874109264,44.0163260768528,55.9836739231472,75.09072089529809,81,120,53,0.44166666666666665,0.654320987654321,0.5273631840796019,48.63181095010846,5.0,
M4 augmented s20,M4 augmented,seen_test,5,27.133756329791233,223.98463087635074,0.578352540414305,0.6330318450927734,0.8345616262475669,395.8667297363281,0.5301600328272467,0.3783308931185944,0.44155844155844154,19.437240286136074,80.56275971386393,22.72750567243343,137,107,34,0.3177570093457944,0.24817518248175183,0.27868852459016397,55.64274967637599,2.5,
M4 augmented s20,M4 augmented,seen_test,7,19.23332824698599,163.82799347735343,0.0033049445574199515,0.21782657504081726,0.41995904447567883,170.83670043945312,0.6342967484739006,0.9572288024064673,0.7630001498576353,75.7830798156926,24.21692018430741,23.886425728565406,157,190,142,0.7473684210526316,0.9044585987261147,0.8184438040345822,27.258604462804342,1.0,
M4 augmented s20,M4 augmented,seen_test,9,10.917420744702998,235.83512302333423,0.17590639927410842,0.38335931301116943,0.5750503157924277,143.7651824951172,0.3471283783783784,0.9174107142857143,0.5036764705882354,61.94011399008577,38.05988600991423,55.65052593732506,35,66,27,0.4090909090909091,0.7714285714285715,0.5346534653465347,33.58527737411341,0.0,
M4 augmented s20,M4 augmented,seen_test,15,3.4100150190857885,127.57164572486613,0.028756792909430787,0.1687069833278656,0.2939633013053094,35.36393356323242,0.7387944358578052,0.8876508820798514,0.8064107971320118,84.81605450239188,15.183945497608125,18.059624788551186,18,26,16,0.6153846153846154,0.8888888888888888,0.7272727272727274,13.823944758161788,0.0,
M4 augmented s20,M4 augmented,seen_test,16,9.451312221758391,210.85595080418508,0.6275286439433638,0.3850504755973816,0.6608485021421424,149.48521423339844,0.2391834247410116,0.9278959810874704,0.38032945736434115,71.84256182060504,28.157438179394962,90.91030257373134,27,71,23,0.323943661971831,0.8518518518518519,0.46938775510204084,18.62053390660704,5.0,
M4 augmented s20,M4 augmented,seen_test,17,9.062960875103457,211.2941648611784,0.18926784719439693,0.3843095004558563,0.6105816494864001,114.0921401977539,0.37522768670309653,0.7690666666666667,0.5043721580972368,62.196013328223195,37.803986671776805,56.73077139121653,7,30,5,0.16666666666666666,0.7142857142857143,0.2702702702702703,28.009901379058444,4.0,
M4 augmented s20,M4 augmented,val,18,8.374021456024007,165.27536628080594,1.3935496548949502,0.46175676584243774,0.6091345374691503,139.6405487060547,0.16177525598382572,0.8940349612542801,0.27397487229048734,61.48762049627415,38.51237950372585,177.86734499322088,69,166,57,0.3433734939759036,0.8260869565217391,0.48510638297872344,29.175102675606613,1.0,
M4 augmented s42,M4 augmented,test,1,9.821335431107297,231.70526435693728,0.8978887046197646,0.5258485674858093,0.8341451933862951,121.43077087402344,0.18930029948271168,0.71746981735631,0.29956269791689105,39.71847879622866,60.28152120377134,150.07039166574776,93,248,39,0.15725806451612903,0.41935483870967744,0.2287390029325513,34.06605942834109,2.0,
M4 augmented s42,M4 augmented,test,6,7.557211838876129,111.30566517825947,0.7851375819457556,0.2276989072561264,0.3840831652783948,126.56061553955078,0.2999831090591746,0.9236369940192425,0.45287830170636856,80.45571482846077,19.544285171539222,98.05804336611477,131,336,112,0.3333333333333333,0.8549618320610687,0.47965738758029974,29.579879026594234,0.0,
M4 augmented s42,M4 augmented,test,8,30.60859469206716,453.84327278245206,0.287700001689367,0.5075714588165283,0.712862639163594,359.7155456542969,0.26983426714313025,0.9326048284625159,0.4185638030932068,52.20454889341272,47.79545110658729,76.56545127552397,310,822,261,0.3175182481751825,0.8419354838709677,0.46113074204946997,41.86068907248659,1.0,
M4 augmented s42,M4 augmented,test,10,30.454296637916613,210.52889971878554,0.1090846661468693,0.3378070294857025,0.6681394784221729,300.2820739746094,0.5400696466289889,0.8336770122843195,0.6554973531775726,59.73430369355986,40.26569630644015,51.174162921127085,562,786,468,0.5954198473282443,0.8327402135231317,0.6943620178041542,37.289779263889464,12.0,
M4 augmented s42,M4 augmented,test,19,9.964580441017658,79.16960114205644,2.0364875537526053,1.280966877937317,2.4050760618897913,153.5994873046875,0.41488827516947024,0.8223950233281493,0.5515342414318196,46.855791734354646,53.144208265645354,256.7929636409059,218,354,178,0.5028248587570622,0.8165137614678899,0.6223776223776224,35.87183135451104,0.0,
M4 augmented s42,M4 augmented,test,20,11.480599255877683,246.3103208034709,0.15930202766922347,0.4476737082004547,0.8910682046896361,166.5309600830078,0.3544259421560035,0.4509701880901048,0.39691160112543344,29.654782848611166,70.34521715138882,86.27541991831117,218,119,46,0.3865546218487395,0.21100917431192662,0.27299703264094954,46.151117341537585,3.0,
M4 augmented s42,M4 augmented,seen_test,2,26.397941994237147,254.46186947106602,0.4959615147745718,0.47903555631637573,0.7472786163058539,344.8490295410156,0.3238644256146687,0.760189109879361,0.45421780635106174,53.75176549334248,46.24823450665752,95.8443859841147,81,105,44,0.41904761904761906,0.5432098765432098,0.47311827956989244,29.420469623061262,5.0,
M4 augmented s42,M4 augmented,seen_test,5,28.436702343658574,223.82497011960155,0.5196627635433831,0.6099854707717896,0.8410676824004213,400.2718505859375,0.5344232097628367,0.3398243045387994,0.41546585518661056,19.891762148320776,80.10823785167922,28.141961497340915,137,96,31,0.3229166666666667,0.22627737226277372,0.2660944206008584,53.838124404125985,3.0,
M4 augmented s42,M4 augmented,seen_test,7,21.14500564682698,170.05825018211232,0.06576772600016348,0.23679520189762115,0.445125060456192,189.22108459472656,0.6614576493762311,0.9469825155104343,0.7788773774547703,76.8461213966792,23.153878603320805,29.73065120333716,157,172,138,0.8023255813953488,0.8789808917197452,0.838905775075988,29.372454807602555,1.0,
M4 augmented s42,M4 augmented,seen_test,9,12.105176866288472,203.05170737716946,0.46322256402701756,0.6025094389915466,0.5505658210603863,170.53857421875,0.3497175141242938,0.9211309523809523,0.506961506961507,71.2083301293121,28.7916698706879,75.11392627338964,35,64,30,0.46875,0.8571428571428571,0.606060606060606,28.43208427406514,1.0,
M4 augmented s42,M4 augmented,seen_test,15,5.62425338429266,146.57084672195887,0.2749238169373336,0.23025354743003845,0.318156947838936,71.93106842041016,0.7697841726618705,0.8941504178272981,0.8273195876288661,86.33131706457635,13.668682935423643,41.16106462915702,18,25,16,0.64,0.8888888888888888,0.7441860465116279,20.173598725674516,0.0,
M4 augmented s42,M4 augmented,seen_test,16,9.829690985806074,216.41868985608113,0.7352142352840433,0.42879602313041687,0.6528141115365502,163.03164672851562,0.3391838525669153,0.9137115839243499,0.49472,74.84343136334631,25.156568636653684,98.67799216505801,27,48,21,0.4375,0.7777777777777778,0.56,20.0523050488803,4.0,
M4 augmented s42,M4 augmented,seen_test,17,9.46532650733779,202.39417351713976,0.28927603237471844,0.41347363591194153,0.566955035263198,128.0095672607422,0.4161131966503032,0.7685333333333333,0.5399025852379169,65.09790653821672,34.90209346178329,63.82969669925513,7,21,5,0.23809523809523808,0.7142857142857143,0.35714285714285715,21.05963552485953,4.0,
M4 augmented s42,M4 augmented,val,18,9.227141275163401,139.24361585054038,1.7898439627142617,0.6074777841567993,0.6921116039122138,169.81906127929688,0.179234211105406,0.8806992250856011,0.29785159225963737,70.28028200323197,29.71971799676803,208.7041142681942,69,139,60,0.4316546762589928,0.8695652173913043,0.576923076923077,21.746814928864193,0.0,
M2 Seq2Point ensemble,M2 Seq2Point ensemble,test,1,7.60929077656004,257.05510240427043,0.2610759674529196,0.5016244649887085,0.8587938759699127,93.96247100830078,0.21294216261525567,0.6553503250438552,0.3214394169450349,31.566464921021282,68.43353507897872,94.54113182427068,93,241,29,0.12033195020746888,0.3118279569892473,0.17365269461077845,45.457867794848575,1.0,
M2 Seq2Point ensemble,M2 Seq2Point ensemble,test,6,5.701130610800828,125.58567608794885,0.28458275473501,0.20411866903305054,0.41583962739061736,89.21958923339844,0.3421794828230657,0.8728438935598509,0.49162720304642876,69.8697728398692,30.130227160130804,58.58850263363179,131,289,110,0.3806228373702422,0.8396946564885496,0.5238095238095238,37.14231808244368,1.0,
M2 Seq2Point ensemble,M2 Seq2Point ensemble,test,8,23.573452477035527,554.345638835112,0.28365899664482896,0.43142783641815186,0.7367268056146185,334.8047790527344,0.3431535598321058,0.8809148665819568,0.4939087813288119,37.92828147715053,62.07171852284947,33.70581885836658,310,513,232,0.4522417153996101,0.7483870967741936,0.5637910085054677,52.25864082465909,2.0,
M2 Seq2Point ensemble,M2 Seq2Point ensemble,test,10,28.254774627980517,253.24294804256598,0.3202808997462599,0.4296231269836426,0.7118273772762442,374.2901611328125,0.6278611292309922,0.7633726361056768,0.6890172123063217,41.56808791815538,58.431912081844615,26.403822107218634,562,676,399,0.5902366863905325,0.7099644128113879,0.6445880452342488,50.429488590277494,13.0,
M2 Seq2Point ensemble,M2 Seq2Point ensemble,test,19,4.949366686202549,74.45713458379542,0.4378757886357251,0.4859981834888458,1.403957551721925,60.61017608642578,0.5565013463041779,0.7971384136858476,0.6554308073962303,44.92152138045551,55.07847861954449,98.866057483117,218,243,170,0.6995884773662552,0.7798165137614679,0.7375271149674619,42.46737940761041,0.0,
M2 Seq2Point ensemble,M2 Seq2Point ensemble,test,20,8.463576136861512,241.33861747753141,0.28189279043741744,0.5177660584449768,0.8257567617676043,134.55264282226562,0.38507613480551345,0.39669913017619507,0.3908012304086715,28.174459115793343,71.82554088420666,43.63626184046492,218,98,40,0.40816326530612246,0.1834862385321101,0.25316455696202533,45.714953848134634,2.0,
M2 Seq2Point ensemble,M2 Seq2Point ensemble,seen_test,2,16.777583395978713,262.091960021318,0.16690401333610708,0.3819620609283447,0.6864258359909365,223.0246124267578,0.43375097017407693,0.6377567655689599,0.516333399326866,46.50031738991434,53.49968261008566,36.809281276474955,81,78,33,0.4230769230769231,0.4074074074074074,0.4150943396226415,35.01129365974534,5.0,
M2 Seq2Point ensemble,M2 Seq2Point ensemble,seen_test,5,27.09898317969745,236.13606655485438,0.7035338438655208,0.7292574644088745,0.8616298634621347,447.4119873046875,0.5193641129714189,0.2248169838945827,0.31379962192816635,13.244360713863163,86.75563928613683,16.402254899584758,137,50,16,0.32,0.11678832116788321,0.17112299465240638,64.37365396335208,4.5,
M2 Seq2Point ensemble,M2 Seq2Point ensemble,seen_test,7,16.381660123351256,140.47365350899145,0.08051989545807124,0.17431648075580597,0.41209860323014014,165.9303741455078,0.7116809116809116,0.939274299680391,0.8097900964421751,75.48840197056782,24.511598029432182,16.459608483625058,157,172,136,0.7906976744186046,0.8662420382165605,0.8267477203647418,20.826880830397457,0.0,
M2 Seq2Point ensemble,M2 Seq2Point ensemble,seen_test,9,9.802958113625067,210.3414935452775,0.13090409824721858,0.48363879323005676,0.5808318294385082,145.55491638183594,0.3886725089256735,0.8909970238095238,0.5412429378531073,64.47303124556103,35.52696875443897,48.61737857916082,35,61,27,0.4426229508196721,0.7714285714285715,0.5625,36.41314120614495,1.0,
M2 Seq2Point ensemble,M2 Seq2Point ensemble,seen_test,15,3.33129367502579,127.61826656781615,0.055579064137448536,0.18012872338294983,0.3151278414147547,43.193050384521484,0.7788778877887789,0.8765088207985144,0.8248143294014854,80.98298115269414,19.017018847305863,13.459112433561009,18,22,15,0.6818181818181818,0.8333333333333334,0.7499999999999999,19.60103307123526,1.0,
M2 Seq2Point ensemble,M2 Seq2Point ensemble,seen_test,16,6.805958584273477,248.01650565859134,0.07285884721212547,0.29177260398864746,0.6257890768099316,96.75564575195312,0.4598630989421282,0.8735224586288416,0.6025275173257236,60.772169854372116,39.227830145627884,46.51371486684044,27,39,23,0.5897435897435898,0.8518518518518519,0.6969696969696971,25.727038136224152,2.0,
M2 Seq2Point ensemble,M2 Seq2Point ensemble,seen_test,17,6.0760067297891105,184.59172616268,0.05330529435561759,0.2852424681186676,0.5164749135155382,74.63871002197266,0.5618677042801556,0.7701333333333333,0.649718785151856,65.64565297758124,34.354347022418764,29.023817586857014,7,17,4,0.23529411764705882,0.5714285714285714,0.3333333333333333,3.4111791555580986,0.5,
M2 Seq2Point ensemble,M2 Seq2Point ensemble,val,18,5.194228929802996,153.137939757193,0.5917929309886524,0.29413971304893494,0.6022975415548254,82.49090576171875,0.2877124102815778,0.8451973328527662,0.4292906178489702,62.48175634953792,37.51824365046208,96.69753674932733,69,105,56,0.5333333333333333,0.8115942028985508,0.6436781609195403,24.54727882000603,1.0,
M4 augmented ensemble,M4 augmented ensemble,test,1,8.674664773971267,233.9372344256899,0.6211365165511926,0.43805834650993347,0.801097018139053,100.99720764160156,0.20857662223201498,0.7814467031266124,0.32926802756581663,38.16048084950388,61.83951915049612,123.95317080561539,93,283,44,0.15547703180212014,0.4731182795698925,0.23404255319148937,39.94432372288731,1.5,
M4 augmented ensemble,M4 augmented ensemble,test,6,6.6512120113760504,98.29417819512658,0.6579964067413843,0.19055946171283722,0.3244732774249531,107.4905776977539,0.2972176759410802,0.9444396290196758,0.4521443243355396,81.14806077201239,18.851939227987614,84.65157990212603,131,340,115,0.3382352941176471,0.8778625954198473,0.48832271762208074,27.816432279447746,0.0,
M4 augmented ensemble,M4 augmented ensemble,test,8,25.489739697692027,470.4358259073862,0.017022079460927677,0.3574424386024475,0.6561738661179386,291.642333984375,0.27943272943272945,0.9563913595933926,0.4325001436533931,49.0694546980528,50.930545301947205,52.632753248039975,310,809,264,0.3263288009888752,0.8516129032258064,0.4718498659517426,44.44792143166181,2.0,
M4 augmented ensemble,M4 augmented ensemble,test,10,29.438674178364337,206.6376096708407,0.06047099033688542,0.33370843529701233,0.6572862172443762,289.7161560058594,0.5418395611854998,0.8722395530411181,0.668440530538372,58.828337019892565,41.17166298010743,47.218762013795974,562,830,483,0.5819277108433735,0.8594306049822064,0.6939655172413793,35.754924762468185,11.0,
M4 augmented ensemble,M4 augmented ensemble,test,19,8.38836181950189,69.74400750807716,1.6645580203805026,1.1061334609985352,2.1375047251292627,127.75682067871094,0.4285929769518523,0.8837947122861586,0.5772504723401661,52.77257705157717,47.22742294842283,213.6832249864731,218,378,198,0.5238095238095238,0.908256880733945,0.6644295302013423,34.5356682415386,0.0,
M4 augmented ensemble,M4 augmented ensemble,test,20,10.035148464895205,251.5237669148635,0.10382247592637961,0.4846962094306946,0.8658446690534717,149.68260192871094,0.3852775138337712,0.512452605754219,0.4398570608129666,26.358122430691107,73.64187756930889,63.25962997667093,218,136,54,0.39705882352941174,0.24770642201834864,0.30508474576271183,48.63127623229978,3.0,
M4 augmented ensemble,M4 augmented ensemble,seen_test,2,24.134228117769624,262.1339549541019,0.30493157968525764,0.4659483730792999,0.7258761589602147,319.7240905761719,0.34300518134715025,0.809422888816433,0.48182832742976367,50.292733007849236,49.707266992150764,80.20042496067653,81,118,54,0.4576271186440678,0.6666666666666666,0.5427135678391959,36.08730006911977,4.0,
M4 augmented ensemble,M4 augmented ensemble,seen_test,5,27.224601124319825,221.60650490042406,0.5589230732494674,0.628260612487793,0.8194776036195653,397.5406188964844,0.5372111025102289,0.3556368960468521,0.4279610624146588,20.235803878001086,79.76419612199892,23.871888797052172,137,101,32,0.31683168316831684,0.23357664233576642,0.2689075630252101,55.11242719763405,3.5,
M4 augmented ensemble,M4 augmented ensemble,seen_test,7,17.682446872527876,146.34076939518457,0.013248515217070505,0.1982237845659256,0.38889465712800025,159.61679077148438,0.6721910478924703,0.9684151156232375,0.7935603142813126,78.55016189335318,21.449838106646833,22.774689628353887,157,181,145,0.8011049723756906,0.9235668789808917,0.8579881656804733,25.049994867392776,1.0,
M4 augmented ensemble,M4 augmented ensemble,seen_test,9,10.238051756779615,190.12213966928954,0.29417999447864446,0.4660356640815735,0.5064228462278143,142.23768615722656,0.36436016213086275,0.9363839285714286,0.5245935806586077,70.76949834809352,29.23050165190648,58.648501099770925,35,73,31,0.4246575342465753,0.8857142857142857,0.5740740740740741,32.706980928794046,0.0,
M4 augmented ensemble,M4 augmented ensemble,seen_test,15,3.5716069033710354,109.83208527495546,0.10948625020370795,0.1698826551437378,0.27548886606972756,42.7991943359375,0.7455803228285934,0.9006499535747446,0.8158116063919261,88.06486351037151,11.935136489628487,22.883761509999292,18,27,17,0.6296296296296297,0.9444444444444444,0.7555555555555556,15.631574129668854,0.0,
M4 augmented ensemble,M4 augmented ensemble,seen_test,16,8.595758588565499,192.83853351604853,0.5768785642799162,0.37048012018203735,0.6115814572000676,137.89369201660156,0.3275968039336202,0.9450354609929078,0.48653582838886356,74.69919512372866,25.30080487627134,82.98866130426296,27,48,25,0.5208333333333334,0.9259259259259259,0.6666666666666667,19.962146848109107,4.0,
M4 augmented ensemble,M4 augmented ensemble,seen_test,17,8.292942224468446,193.97495270694097,0.1605545477544482,0.3437723219394684,0.556357666711402,106.60823822021484,0.42668957617411224,0.7946666666666666,0.5552450158375256,64.77633870667192,35.223661293328085,51.2791160687729,7,25,5,0.2,0.7142857142857143,0.3125,22.05590567932048,4.0,
M4 augmented ensemble,M4 augmented ensemble,val,18,7.672712479029913,137.81231363006788,1.3508472356298136,0.4442412853240967,0.563751805624484,132.28170776367188,0.20043702820818435,0.9091728239322401,0.3284612129301084,68.41320256716429,31.586797432835702,166.67152099581708,69,129,61,0.4728682170542636,0.8840579710144928,0.6161616161616161,22.575839285353222,1.0,
