evaluated at,model,house,mae_w,nde,sae,epd_wh,f1,precision,recall
15 min,M2 Seq2Point s42 trained on 15-min data,8,40.15987038519768,0.9706554854199259,0.2156072065671368,503.7225341796875,0.21222504697689842,0.1250162781612189,0.7017543859649122
15 min,"M2 Seq2Point s42 (1-min), averaged to 15 min",8,21.018002456442368,0.7387108399301069,0.251555263077447,318.0803838105084,0.46867565424266455,0.323746918652424,0.8485283560660445
15 min,"M2 Seq2Point ensemble (1-min), averaged to 15 min",8,20.84439920418799,0.7320505152107076,0.245404648328288,312.73731226919983,0.4772024729520866,0.32646048109965636,0.886575735821967
15 min,M2 Seq2Point s42 trained on 15-min data,1,12.873944310508252,1.593698442384892,2.9456922632700526,208.32357788085938,0.09519063045103414,0.05798421372191864,0.26564673157162727
15 min,"M2 Seq2Point s42 (1-min), averaged to 15 min",1,6.230586005062641,1.1171791532368567,0.8708942353032262,89.81495251131622,0.3582196697774588,0.24617661568820917,0.6574440052700923
15 min,"M2 Seq2Point ensemble (1-min), averaged to 15 min",1,6.134514470209627,1.0485530823325864,0.8353369406030677,86.3006858236219,0.35990420800547385,0.24306839186691312,0.6930171277997365
15 min,M2 Seq2Point s42 trained on 15-min data,6,8.970100778478258,0.8208825709626186,0.12447157221630606,182.5384979248047,0.3178005591798695,0.2589217919514047,0.41133896260554886
15 min,"M2 Seq2Point s42 (1-min), averaged to 15 min",6,5.717587797582389,0.4145208365158888,0.3331877989099308,92.18586474330623,0.4800531914893617,0.3333333333333333,0.8574821852731591
15 min,"M2 Seq2Point ensemble (1-min), averaged to 15 min",6,5.352312331396136,0.39074973192768647,0.29648280048821235,88.59002789129516,0.49664429530201337,0.3461178671655753,0.8788598574821853
15 min,M2 Seq2Point s42 trained on 15-min data,10,37.561559029580806,0.835650473138842,0.34204198294675786,454.54486083984375,0.40462197430022917,0.33207979071288424,0.5177160336477186
15 min,"M2 Seq2Point s42 (1-min), averaged to 15 min",10,26.428045645055885,0.7107540702315205,0.27778092154933914,363.5003812908477,0.6766768960982027,0.5990685037842034,0.7773860488541929
15 min,"M2 Seq2Point ensemble (1-min), averaged to 15 min",10,25.871477810708214,0.6915283843361544,0.31197979669762266,362.259184541615,0.6930536761389265,0.6275270573820707,0.773860488541929
15 min,M2 Seq2Point s42 trained on 15-min data,19,8.273661055965164,2.466655365036949,2.034597689889112,119.69694519042969,0.03877423389618512,0.03939008894536213,0.038177339901477834
15 min,"M2 Seq2Point s42 (1-min), averaged to 15 min",19,4.4154322823617935,2.1643519845446835,1.0534240303254314,67.01626722632952,0.573295985060691,0.46656534954407297,0.7433414043583535
15 min,"M2 Seq2Point ensemble (1-min), averaged to 15 min",19,3.961248582033058,1.848096644964853,0.9067097335970021,58.751113863506184,0.5811182401466544,0.46755162241887904,0.7675544794188862
15 min,M2 Seq2Point s42 trained on 15-min data,20,13.2175357214666,0.9491421420697612,0.17319480025278322,177.3069305419922,0.24307802948579646,0.1925925925925926,0.32943469785575047
15 min,"M2 Seq2Point s42 (1-min), averaged to 15 min",20,8.599007893600414,0.8445573270010094,0.24283340014445254,136.92853469825567,0.41793643883326076,0.37735849056603776,0.4682926829268293
15 min,"M2 Seq2Point ensemble (1-min), averaged to 15 min",20,8.150000752701185,0.8128162206914473,0.26349884834576076,130.9270050942654,0.4376407023863124,0.40635451505016723,0.4741463414634146
30 min,M2 Seq2Point s42 trained on 30-min data,8,36.544347371028984,0.9458489873745984,0.02483217072554165,497.42584228515625,0.22463768115942032,0.13125,0.7787081339712919
30 min,"M2 Seq2Point s42 (1-min), averaged to 30 min",8,20.97015295884658,0.7400848274891009,0.2693818537567204,335.8790463962013,0.4912043301759134,0.3463740458015267,0.8441860465116279
30 min,"M2 Seq2Point ensemble (1-min), averaged to 30 min",8,20.71935432916478,0.732520749859853,0.2619365696152552,326.8300677251275,0.4986772486772487,0.34842883548983367,0.8767441860465116
30 min,M2 Seq2Point s42 trained on 30-min data,1,11.457238276279314,1.2895575540453668,1.7906997735368766,173.04876708984375,0.10498161150117018,0.06235107227958697,0.33192389006342493
30 min,"M2 Seq2Point s42 (1-min), averaged to 30 min",1,6.377529157968674,1.0365757304153838,0.648472474699905,95.69792733596542,0.40671865626874626,0.2952961672473868,0.653179190751445
30 min,"M2 Seq2Point ensemble (1-min), averaged to 30 min",1,6.2817769325680635,0.9664680219495292,0.6287151250541384,91.23174152573365,0.4094852515905147,0.29256198347107437,0.6820809248554913
30 min,M2 Seq2Point s42 trained on 30-min data,6,8.755667338971053,0.8917465232005809,0.3056886034731528,179.4605712890625,0.33943661971830985,0.2494824016563147,0.5308370044052864
30 min,"M2 Seq2Point s42 (1-min), averaged to 30 min",6,5.675600412827179,0.4226304861052801,0.3042546754810109,96.04194234352731,0.490498812351544,0.34217067108533555,0.8658280922431866
30 min,"M2 Seq2Point ensemble (1-min), averaged to 30 min",6,5.325956841737996,0.3967440811197156,0.2712752568078499,91.8851348159984,0.5006002400960384,0.3507148864592094,0.8742138364779874
30 min,M2 Seq2Point s42 trained on 30-min data,10,35.49230134504956,0.8765617237686697,0.4452351394229591,499.25872802734375,0.417309205350118,0.3125884016973126,0.6275437766209181
30 min,"M2 Seq2Point s42 (1-min), averaged to 30 min",10,25.02750454074904,0.7094218846964893,0.2796711474571828,358.64875011498503,0.6819461198230801,0.6052819414703783,0.7808471454880295
30 min,"M2 Seq2Point ensemble (1-min), averaged to 30 min",10,24.46506540411425,0.6904526508307588,0.3157180139412814,357.71386672755136,0.6987352270371139,0.6356092040739344,0.7757826887661142
30 min,M2 Seq2Point s42 trained on 30-min data,19,5.324975307786027,1.8340234060209997,0.891555910562583,74.1907730102539,0.039285714285714285,0.031791907514450865,0.0514018691588785
30 min,"M2 Seq2Point s42 (1-min), averaged to 30 min",19,4.232222038215276,1.9225957512386593,1.1544808286997224,68.3525996592964,0.5272108843537415,0.4217687074829932,0.7029478458049887
30 min,"M2 Seq2Point ensemble (1-min), averaged to 30 min",19,3.797633213159223,1.662373813016708,0.991542632519533,59.76300988917101,0.5386576040781649,0.43070652173913043,0.7188208616780045
30 min,M2 Seq2Point s42 trained on 30-min data,20,11.589131033850645,0.9778157160789414,0.15949425499563905,162.74046325683594,0.2239915074309979,0.1624326404926867,0.3606837606837607
30 min,"M2 Seq2Point s42 (1-min), averaged to 30 min",20,8.397571544322007,0.8265326434774599,0.2392100654961436,136.1262670657351,0.44477172312223856,0.39271781534460337,0.5127334465195246
30 min,"M2 Seq2Point ensemble (1-min), averaged to 30 min",20,7.9545349583735225,0.7965192955211751,0.26156992554046876,131.157355878359,0.4561140285071268,0.40860215053763443,0.5161290322580645
1 min,M2 Seq2Point s42 (1-min),8,23.76884894486846,0.7554125397779605,0.2898997539045908,342.915771484375,0.49252666832051606,0.35436514133999686,0.8072681067344346
1 min,M2 Seq2Point s42 (1-min),1,7.751289663912653,0.9083447078070034,0.2722974792690406,98.2253189086914,0.30129220508545224,0.20616870768996728,0.5593849963884016
1 min,M2 Seq2Point s42 (1-min),6,6.176776429319263,0.458219525495017,0.3190910157102655,93.74584197998047,0.46782595935138316,0.3258603066439523,0.8289850047672706
1 min,M2 Seq2Point s42 (1-min),10,28.968566084262836,0.7399226397557983,0.2850155656103549,372.73333740234375,0.6586284492251712,0.6017731375493955,0.7273480322176986
1 min,M2 Seq2Point s42 (1-min),19,5.4110849319675465,1.6350441111786989,0.5218734284103098,67.54924011230469,0.6347662547017734,0.5586663513833058,0.7348678071539658
1 min,M2 Seq2Point s42 (1-min),20,8.967050390377814,0.866085685673534,0.26278059764712836,140.9091033935547,0.36244462851586406,0.35149483095836825,0.3740985800312244
1 min,M2 Seq2Point ensemble (1-min),8,23.573452477035527,0.7367268056146185,0.28365899664482896,334.8047790527344,0.4939087813288119,0.3431535598321058,0.8809148665819568
1 min,M2 Seq2Point ensemble (1-min),1,7.60929077656004,0.8587938759699127,0.2610759674529196,93.96247100830078,0.3214394169450349,0.21294216261525567,0.6553503250438552
1 min,M2 Seq2Point ensemble (1-min),6,5.701130610800828,0.41583962739061736,0.28458275473501,89.21958923339844,0.49162720304642876,0.3421794828230657,0.8728438935598509
1 min,M2 Seq2Point ensemble (1-min),10,28.254774627980517,0.7118273772762442,0.3202808997462599,374.2901611328125,0.6890172123063217,0.6278611292309922,0.7633726361056768
1 min,M2 Seq2Point ensemble (1-min),19,4.949366686202549,1.403957551721925,0.4378757886357251,60.61017608642578,0.6554308073962303,0.5565013463041779,0.7971384136858476
1 min,M2 Seq2Point ensemble (1-min),20,8.463576136861512,0.8257567617676043,0.28189279043741744,134.55264282226562,0.3908012304086715,0.38507613480551345,0.39669913017619507
