model,variant,house,mae_w,mae_on_w,sae,sae_daily,epd_wh,nde,f1,precision,recall,cycle_f1,cycle_recall,cycle_precision,matched_energy_mape_pct,overlap_pct,missing_pct,extra_pct
M2 Seq2Point ensemble,raw,8,23.573452477035527,554.345638835112,0.28365899664482896,0.43142783641815186,334.8047790527344,0.7367268056146185,0.4939087813288119,0.3431535598321058,0.8809148665819568,0.5637910085054677,0.7483870967741936,0.4522417153996101,52.25864082465909,37.92828147715053,62.07171852284947,33.70581885836658
M2 Seq2Point ensemble,activation filter,8,21.985229860043408,632.7653107002715,0.5529721810210241,0.6393203139305115,395.311279296875,0.8107420069276463,0.5343712833819872,0.4650357546104629,0.628005082592122,0.5637910085054677,0.7483870967741936,0.4522417153996101,52.25864082465909,27.68904934229976,72.31095065770025,17.013732555597826
M2 Seq2Point ensemble,raw,1,7.60929077656004,257.05510240427043,0.2610759674529196,0.5016244649887085,93.96247100830078,0.8587938759699127,0.3214394169450349,0.21294216261525567,0.6553503250438552,0.17365269461077845,0.3118279569892473,0.12033195020746888,45.457867794848575,31.566464921021282,68.43353507897872,94.54113182427068
M2 Seq2Point ensemble,activation filter,1,5.465039475233379,330.6534502838876,0.6294604236483624,0.8746705651283264,101.21065521240234,0.9856568073571241,0.19101179024221793,0.1829867674858223,0.19977298524404086,0.17365269461077845,0.3118279569892473,0.12033195020746888,45.457867794848575,10.002274331790494,89.99772566820951,27.051683303373267
M2 Seq2Point ensemble,raw,6,5.701130610800828,125.58567608794885,0.28458275473501,0.20411866903305054,89.21958923339844,0.41583962739061736,0.49162720304642876,0.3421794828230657,0.8728438935598509,0.5238095238095238,0.8396946564885496,0.3806228373702422,37.14231808244368,69.8697728398692,30.130227160130804,58.58850263363179
M2 Seq2Point ensemble,activation filter,6,3.49305030752864,159.15929652192392,0.2425280807466822,0.37838777899742126,66.23948669433594,0.517988221210209,0.6254964676109802,0.5260730755587087,0.7712576926410679,0.5238095238095238,0.8396946564885496,0.3806228373702422,37.14231808244368,60.6948653261017,39.3051346738983,15.052326599230081
M2 Seq2Point ensemble,raw,10,28.254774627980517,253.24294804256598,0.3202808997462599,0.4296231269836426,374.2901611328125,0.7118273772762442,0.6890172123063217,0.6278611292309922,0.7633726361056768,0.6445880452342488,0.7099644128113879,0.5902366863905325,50.429488590277494,41.56808791815538,58.431912081844615,26.403822107218634
M2 Seq2Point ensemble,activation filter,10,27.605950961131438,289.56754362202247,0.5440664119141856,0.5730056166648865,477.2154541015625,0.7977538047714853,0.6620564764880302,0.7602083952197062,0.5863515395054548,0.6445880452342488,0.7099644128113879,0.5902366863905325,50.429488590277494,31.352867719174267,68.64713228082573,14.240491089407177
M2 Seq2Point ensemble,raw,19,4.949366686202549,74.45713458379542,0.4378757886357251,0.4859981834888458,60.61017608642578,1.403957551721925,0.6554308073962303,0.5565013463041779,0.7971384136858476,0.7375271149674619,0.7798165137614679,0.6995884773662552,42.46737940761041,44.92152138045551,55.07847861954449,98.866057483117
M2 Seq2Point ensemble,activation filter,19,3.082713944345813,95.00927934109701,0.5763726358583191,0.7461026310920715,54.25291442871094,1.1384894473617602,0.5453188815582785,0.7394823729896688,0.43191290824261275,0.7375271149674619,0.7798165137614679,0.6995884773662552,42.46737940761041,23.239176994773786,76.76082300522621,19.1235594193943
M2 Seq2Point ensemble,raw,20,8.463576136861512,241.33861747753141,0.28189279043741744,0.5177660584449768,134.55264282226562,0.8257567617676043,0.3908012304086715,0.38507613480551345,0.39669913017619507,0.25316455696202533,0.1834862385321101,0.40816326530612246,45.714953848134634,28.174459115793343,71.82554088420666,43.63626184046492
M2 Seq2Point ensemble,activation filter,20,6.939879937247334,287.9924718804824,0.80606786920664,0.8633655309677124,150.8462677001953,0.9273148178721948,0.24958554850511633,0.5400791687283523,0.16229276633707532,0.25316455696202533,0.1834862385321101,0.40816326530612246,45.714953848134634,12.358989716119517,87.64101028388048,7.03422336321649
M4 augmented ensemble,raw,8,25.489739697692027,470.4358259073862,0.017022079460927677,0.3574424386024475,291.642333984375,0.6561738661179386,0.4325001436533931,0.27943272943272945,0.9563913595933926,0.4718498659517426,0.8516129032258064,0.3263288009888752,44.44792143166181,49.0694546980528,50.930545301947205,52.632753248039975
M4 augmented ensemble,activation filter,8,23.615678792101765,536.9110793428046,0.235967412038632,0.4108985960483551,314.0235595703125,0.7258901992990021,0.4606690503605842,0.3281529927259384,0.7727064803049555,0.4718498659517426,0.8516129032258064,0.3263288009888752,44.44792143166181,40.227079202318784,59.77292079768121,36.17617959381801
M4 augmented ensemble,raw,1,8.674664773971267,233.9372344256899,0.6211365165511926,0.43805834650993347,100.99720764160156,0.801097018139053,0.32926802756581663,0.20857662223201498,0.7814467031266124,0.23404255319148937,0.4731182795698925,0.15547703180212014,39.94432372288731,38.16048084950388,61.83951915049612,123.95317080561539
M4 augmented ensemble,activation filter,1,5.289170430623411,308.503127388191,0.5439358236209707,0.8240873217582703,92.1232681274414,0.9293955603654572,0.26508125975576163,0.23877264080721197,0.29790527293364977,0.23404255319148937,0.4731182795698925,0.15547703180212014,39.94432372288731,16.161872954858325,83.83812704514168,29.444544683044604
M4 augmented ensemble,raw,6,6.6512120113760504,98.29417819512658,0.6579964067413843,0.19055946171283722,107.4905776977539,0.3244732774249531,0.4521443243355396,0.2972176759410802,0.9444396290196758,0.48832271762208074,0.8778625954198473,0.3382352941176471,27.816432279447746,81.14806077201239,18.851939227987614,84.65157990212603
M4 augmented ensemble,activation filter,6,3.205156068561689,127.99200300944268,0.04779328118045177,0.2611161768436432,50.92245864868164,0.43430327152883363,0.5894111767645589,0.4459519572953737,0.8689433994972696,0.48832271762208074,0.8778625954198473,0.3382352941176471,27.816432279447746,72.67165319488788,27.328346805112115,22.549018687066937
M4 augmented ensemble,raw,10,29.438674178364337,206.6376096708407,0.06047099033688542,0.33370843529701233,289.7161560058594,0.6572862172443762,0.668440530538372,0.5418395611854998,0.8722395530411181,0.6939655172413793,0.8594306049822064,0.5819277108433735,35.754924762468185,58.828337019892565,41.17166298010743,47.218762013795974
M4 augmented ensemble,activation filter,10,26.37703933363688,243.7110895596543,0.24574981041507896,0.3865342438220978,339.61126708984375,0.730744375714197,0.7080473322946056,0.6780276146848184,0.7408484463948959,0.6939655172413793,0.8594306049822064,0.5819277108433735,35.754924762468185,48.113618193330616,51.88638180666938,27.311400765161487
M4 augmented ensemble,raw,19,8.38836181950189,69.74400750807716,1.6645580203805026,1.1061334609985352,127.75682067871094,2.1375047251292627,0.5772504723401661,0.4285929769518523,0.8837947122861586,0.6644295302013423,0.908256880733945,0.5238095238095238,34.5356682415386,52.77257705157717,47.22742294842283,213.6832249864731
M4 augmented ensemble,activation filter,19,4.4129284590507805,89.785043436528,0.0324791179120902,0.7520298361778259,66.72807312011719,1.7251791056386898,0.5446051741357646,0.5648222400427693,0.5257853810264386,0.6644295302013423,0.908256880733945,0.5238095238095238,34.5356682415386,29.74643272637489,70.25356727362511,67.00565548241609
M4 augmented ensemble,raw,20,10.035148464895205,251.5237669148635,0.10382247592637961,0.4846962094306946,149.68260192871094,0.8658446690534717,0.4398570608129666,0.3852775138337712,0.512452605754219,0.30508474576271183,0.24770642201834864,0.39705882352941174,48.63127623229978,26.358122430691107,73.64187756930889,63.25962997667093
M4 augmented ensemble,activation filter,20,7.22791538764756,288.23839716939324,0.7411463775171958,0.8082361817359924,143.13319396972656,0.9392899115874987,0.35762523939119045,0.5551556876858081,0.26377221024459147,0.30508474576271183,0.24770642201834864,0.39705882352941174,48.63127623229978,13.640345615839916,86.35965438416008,12.245016632440505
