house,model,mae_w,mae_on_w,sae,sae_daily,nde,epd_wh,precision,recall,f1,overlap_pct,missing_pct,extra_pct,true_cycles,pred_cycles,matched,cycle_precision,cycle_recall,cycle_f1,matched_energy_mape_pct,median_start_error_min
8,Seq2Point,23.567388532894917,553.9038801340878,0.28311086564352367,0.4365391433238983,0.735953913766471,339.70928955078125,0.3427459390762143,0.8807021124604552,0.49345302761735943,37.99821442608399,62.00178557391602,33.690699009563644,308,512,232,0.453125,0.7532467532467533,0.5658536585365854,52.50844001528271,2.0
8,NILMFormer,41.14858955022966,729.9316771597449,0.011084750069113287,0.5079725384712219,0.90458034671498,466.0815124511719,0.10367476685624558,0.8287580365343402,0.18429488088686666,17.01484225668827,82.98515774331173,84.09363275022307,308,1342,140,0.10432190760059612,0.45454545454545453,0.16969696969696965,80.59161563143819,2.0
1,Seq2Point,7.6185386719157595,258.1841894360528,0.26134417164736146,0.5101003050804138,0.8600315649375994,94.22883605957031,0.21245470861128984,0.6541549369200292,0.3207402484535556,31.469501507836846,68.53049849216315,94.66491565689931,92,239,28,0.11715481171548117,0.30434782608695654,0.16918429003021151,45.7649293268361,1.0
1,NILMFormer,12.993999205935344,319.3875148249094,1.0673619983921054,0.8195616006851196,0.9557848062103403,157.96664428710938,0.08046421040771323,0.521217808362006,0.1394071223402772,14.19698238743094,85.80301761256906,192.53921745177962,92,451,16,0.03547671840354767,0.17391304347826086,0.058931860036832415,68.63180879681752,0.5
6,Seq2Point,5.698627501160719,126.03958298414166,0.2825555851252561,0.21300186216831207,0.41521772945216623,89.58123779296875,0.3418301100252853,0.8729493891797556,0.49128320974316164,69.91750277681498,30.082497223185023,58.33805573571063,129,288,109,0.3784722222222222,0.8449612403100775,0.5227817745803358,37.12116284842792,1.0
6,NILMFormer,11.632012903469796,260.55620638458726,0.4770373168771328,0.41657352447509766,0.7010972652670722,197.60906982421875,0.20179566770134508,0.5275741710296684,0.2919292146495739,33.61004772709802,66.38995227290198,114.09368396061527,129,174,32,0.1839080459770115,0.24806201550387597,0.21122112211221122,57.96157571544693,1.0
10,Seq2Point,28.263995167680662,253.15937683566833,0.32107043233730237,0.42868003249168396,0.7120958343603102,374.13031005859375,0.6277697862633131,0.763433640202852,0.6889870510939594,41.53021164112431,58.46978835887569,26.362745125145445,560,675,399,0.5911111111111111,0.7125,0.6461538461538462,50.33821634542816,13.0
10,NILMFormer,39.25463188684989,303.59326272708006,0.3479635480095808,0.4661950469017029,0.8083543046746464,457.7277526855469,0.3085989246473934,0.5598218860989875,0.397872620983693,23.69171710686243,76.30828289313757,41.51192809217948,560,791,110,0.1390644753476612,0.19642857142857142,0.16284233900814213,63.8077323812931,15.0
19,Seq2Point,4.954161017246877,74.53158617243818,0.43995334257338725,0.4901438057422638,1.4052332398034484,61.26762771606445,0.5555700779854486,0.7966514649840695,0.6546201232032856,44.88685420115905,55.11314579884095,99.10848005617969,217,242,169,0.6983471074380165,0.7788018433179723,0.7363834422657953,42.605111188888515,0.0
19,NILMFormer,8.72496447795033,113.0092504523083,0.8704094104625804,0.5701085925102234,1.2429729822273783,91.67194366455078,0.0452447467508806,0.046542137814706064,0.045884273088411906,7.717637043105698,92.2823629568943,179.32330400315232,217,47,1,0.02127659574468085,0.004608294930875576,0.007575757575757576,70.40421101716456,10.0
20,Seq2Point,8.474153391387567,241.34116162274984,0.2821792534531635,0.5100449323654175,0.8257465535768896,134.36289978027344,0.3856275303643725,0.3966979027219991,0.39108439035119874,28.179865279866757,71.82013472013324,43.60220937481689,218,98,40,0.40816326530612246,0.1834862385321101,0.25316455696202533,45.71533876890484,2.0
20,NILMFormer,13.93306797678498,274.07435955619064,0.22866329521527107,0.3589755892753601,0.8996217470785791,168.3056640625,0.16454486370761173,0.3200951955972036,0.21735727091381965,16.545375264928136,83.45462473507186,106.32095425659895,218,205,15,0.07317073170731707,0.06880733944954129,0.07092198581560284,65.61913501556602,6.0
