from,to,homes,true_change_pct,pred_change_pct
2014-03,2014-04,4,39.492573,21.703577
2014-04,2014-05,6,-23.521774,-19.246155
2014-05,2014-06,6,7.5613976,3.348279
2014-06,2014-07,6,-32.420044,-28.968357
2014-07,2014-08,6,14.7694,16.736305
2014-08,2014-09,6,20.308472,10.278988
2014-09,2014-10,6,-6.7946377,-1.489985
2014-10,2014-11,6,11.317873,15.897142
2014-11,2014-12,6,23.017776,15.715801
2014-12,2015-01,6,6.0687423,2.9388666
2015-01,2015-02,6,-34.51994,-11.604047
2015-02,2015-03,5,51.736034,-6.353557
2015-03,2015-04,5,-18.641537,-20.678448
