house,kind,threshold,f1
8,IoU,0.1,0.6123936816524909
8,IoU,0.2,0.6123936816524909
8,IoU,0.3,0.6099635479951397
8,IoU,0.4,0.5905224787363305
8,IoU,0.5,0.5637910085054678
8,IoU,0.6,0.5321992709599028
8,IoU,0.7,0.4933171324422843
8,IoU,0.8,0.42284325637910086
8,IoU,0.9,0.284325637910085
8,start ± min,5.0,0.4520048602673147
8,start ± min,10.0,0.5370595382746051
8,start ± min,15.0,0.5613608748481167
8,start ± min,30.0,0.5978128797083839
8,start ± min,60.0,0.6172539489671932
1,IoU,0.1,0.23952095808383234
1,IoU,0.2,0.23952095808383234
1,IoU,0.3,0.2275449101796407
1,IoU,0.4,0.2215568862275449
1,IoU,0.5,0.17365269461077845
1,IoU,0.6,0.16167664670658682
1,IoU,0.7,0.12574850299401197
1,IoU,0.8,0.11377245508982035
1,IoU,0.9,0.059880239520958084
1,start ± min,5.0,0.15568862275449102
1,start ± min,10.0,0.16766467065868262
1,start ± min,15.0,0.20359281437125748
1,start ± min,30.0,0.2215568862275449
1,start ± min,60.0,0.24550898203592814
6,IoU,0.1,0.5666666666666667
6,IoU,0.2,0.5666666666666667
6,IoU,0.3,0.5666666666666667
6,IoU,0.4,0.5571428571428572
6,IoU,0.5,0.5238095238095238
6,IoU,0.6,0.4714285714285714
6,IoU,0.7,0.4142857142857143
6,IoU,0.8,0.3761904761904762
6,IoU,0.9,0.3380952380952381
6,start ± min,5.0,0.4714285714285714
6,start ± min,10.0,0.5380952380952381
6,start ± min,15.0,0.5428571428571428
6,start ± min,30.0,0.5523809523809524
6,start ± min,60.0,0.5666666666666667
10,IoU,0.1,0.7576736672051696
10,IoU,0.2,0.7576736672051696
10,IoU,0.3,0.7447495961227787
10,IoU,0.4,0.7205169628432956
10,IoU,0.5,0.6445880452342488
10,IoU,0.6,0.5621970920840065
10,IoU,0.7,0.45718901453957994
10,IoU,0.8,0.308562197092084
10,IoU,0.9,0.13408723747980614
10,start ± min,5.0,0.1680129240710824
10,start ± min,10.0,0.25363489499192243
10,start ± min,15.0,0.4281098546042003
10,start ± min,30.0,0.6752827140549273
10,start ± min,60.0,0.7495961227786753
19,IoU,0.1,0.7592190889370932
19,IoU,0.2,0.754880694143167
19,IoU,0.3,0.754880694143167
19,IoU,0.4,0.754880694143167
19,IoU,0.5,0.737527114967462
19,IoU,0.6,0.7114967462039046
19,IoU,0.7,0.6334056399132321
19,IoU,0.8,0.5553145336225597
19,IoU,0.9,0.48590021691973967
19,start ± min,5.0,0.5162689804772235
19,start ± min,10.0,0.5553145336225597
19,start ± min,15.0,0.5900216919739696
19,start ± min,30.0,0.702819956616052
19,start ± min,60.0,0.7592190889370932
20,IoU,0.1,0.34810126582278483
20,IoU,0.2,0.33544303797468356
20,IoU,0.3,0.3291139240506329
20,IoU,0.4,0.3037974683544304
20,IoU,0.5,0.25316455696202533
20,IoU,0.6,0.22151898734177214
20,IoU,0.7,0.14556962025316456
20,IoU,0.8,0.06962025316455696
20,IoU,0.9,0.05063291139240506
20,start ± min,5.0,0.22151898734177214
20,start ± min,10.0,0.2468354430379747
20,start ± min,15.0,0.2974683544303797
20,start ± min,30.0,0.34177215189873417
20,start ± min,60.0,0.34810126582278483
