house,metric,point,low,high,low_7day_blocks,high_7day_blocks,days
8,nde,0.7367268204689026,0.715760451555252,0.7574995815753937,0.7104434132575989,0.7627882495522499,510
8,epd_wh,334.8047790527344,300.88942260742186,367.0575454711914,303.3111656188965,367.2323318481445,510
8,cycle_f1,0.5637910085054678,0.5211067178960223,0.6035985354132499,0.5197402430502567,0.6061339248606722,510
1,nde,0.8587939143180847,0.818347892165184,0.9041779905557632,0.8149478867650032,0.9093668431043624,578
1,epd_wh,93.96247100830078,84.21119575500488,104.45662212371826,80.40841922760009,110.21947078704834,578
1,cycle_f1,0.17365269461077845,0.1199874213836478,0.23384795321637428,0.11759049773755662,0.22778133903133901,578
6,nde,0.41583961248397827,0.36726500615477564,0.46971056535840033,0.36101048067212105,0.46911034286022185,508
6,epd_wh,89.21958923339844,81.73262691497803,97.57467651367188,80.70710601806641,98.00331554412841,508
6,cycle_f1,0.5238095238095238,0.4633212729956439,0.5793297507090611,0.45386434967989,0.5885291024764708,508
10,nde,0.7118273377418518,0.6897561535239219,0.7350479006767273,0.6865273311734199,0.7387247994542122,494
10,epd_wh,374.2901611328125,340.1138252258301,407.99095458984374,341.326432800293,411.02238006591796,494
10,cycle_f1,0.6445880452342488,0.6096045411466754,0.6831374385137826,0.5869585628700082,0.694576471239142,494
19,nde,1.403957486152649,1.2245987474918365,1.596187636256218,1.2419667631387712,1.5796918720006943,451
19,epd_wh,60.61017608642578,52.57145357131958,68.39226379394532,53.34895811080933,67.81598949432373,451
19,cycle_f1,0.737527114967462,0.699990118577075,0.7767973510494245,0.7021276595744681,0.7713689875718829,451
20,nde,0.8257567286491394,0.7906650468707085,0.8623610273003578,0.7880425006151199,0.8642772451043129,429
20,epd_wh,134.55264282226562,117.6803482055664,153.00504684448242,115.0657190322876,153.3623779296875,429
20,cycle_f1,0.25316455696202533,0.19488947791357333,0.31877498040752344,0.18359266462906362,0.32778669390137144,429
mean of 6,nde,0.825483649969101,0.6071784814198813,1.0866405030091602,,,2970
mean of 6,epd_wh,181.2399698893229,88.02910741170247,281.03172938028973,,,2970
mean of 6,cycle_f1,0.48275549068158435,0.3235391725767665,0.6419718087864021,,,2970
