house,period,true_heated_per_week,pred_heated_per_week,weeks
8,unseen home,3.7151380602192314,2.8846954349937564,68.63809523809523
1,unseen home,0.5419404584096628,0.48906821856481764,75.65406746031746
6,unseen home,1.3204048111058126,1.3945848566735548,67.40357142857142
10,unseen home,7.177540189589112,4.917378597973817,65.48204365079366
19,unseen home,0.0,0.20226883561643835,59.32698412698413
20,unseen home,2.2648600803431607,0.6691632055559338,58.28174603174603
2,"seen home, later 20 %",4.4484275704741725,2.737493889522568,14.611904761904762
5,"seen home, later 20 %",2.525972119797521,1.0825594799132234,13.856051587301588
7,"seen home, later 20 %",10.802666624639485,9.611196041039543,12.589484126984127
9,"seen home, later 20 %",2.286214186775534,1.959612160093315,12.247321428571428
15,"seen home, later 20 %",0.8157187712426763,0.9788625254912116,12.259126984126985
16,"seen home, later 20 %",2.2118508891120694,2.2969220771548415,11.754861111111111
17,"seen home, later 20 %",0.5447941888619855,0.9806295399515739,9.177777777777777
