house,last_time_local,last_unix_local
1,2014-10-01 01:27:07,1412126827
2,2014-09-30 22:10:37,1412115037
3,2014-10-01 00:00:50,1412121650
4,2014-09-30 22:36:25,1412116585
5,2014-09-30 23:31:11,1412119871
6,2014-10-01 00:56:52,1412125012
7,2014-10-01 00:26:51,1412123211
8,2014-10-01 00:15:36,1412122536
9,2014-10-01 00:44:35,1412124275
10,2014-10-01 01:12:53,1412125972
11,2014-10-01 00:51:36,1412124696
12,2014-09-30 21:59:57,1412114397
13,2014-09-12 15:55:21,1410537321
15,2014-09-30 23:10:22,1412118621
16,2014-07-14 08:16:15,1405325774
17,2014-09-30 23:20:21,1412119220
18,2014-10-01 01:05:52,1412125551
19,2014-09-30 23:48:39,1412120919
20,2014-09-30 21:52:06,1412113926
21,2014-10-01 01:36:39,1412127398
